Code,Field,Value,Signals,Reasons
gnd:4138130-0,Definition,Verknüpfe mit Anwendungsgebiet,2,"umlaut/ß;common_words:mit,verknüpfe"
gnd:4139212-7,Definition,Verknüpfe mit Anwendungsgebiet,2,"umlaut/ß;common_words:mit,verknüpfe"
gnd:4150167-6,Definition,Verknüpfe mit Anwendungsgebiet,2,"umlaut/ß;common_words:mit,verknüpfe"
gnd:4165163-7,Definition,Verknüpfe mit Anwendungsgebiet,2,"umlaut/ß;common_words:mit,verknüpfe"
gnd:4186957-6,Definition,Verknüpfe mit Anwendungsgebiet,2,"umlaut/ß;common_words:mit,verknüpfe"
gnd:4188732-3,Definition,Verknüpfe mit Anwendungsgebiet,2,"umlaut/ß;common_words:mit,verknüpfe"
gnd:4221498-1,Definition,Verknüpfe mit Anwendungsgebiet,2,"umlaut/ß;common_words:mit,verknüpfe"
gnd:4221530-4,Definition,Verknüpfe mit Anwendungsgebiet,2,"umlaut/ß;common_words:mit,verknüpfe"
gnd:4253131-7,Definition,Verknüpfe mit Anwendungsgebiet,2,"umlaut/ß;common_words:mit,verknüpfe"
gnd:4280079-1,Related Subjects,Nutzung,1,suffix_patterns
gnd:4312278-4,Name,Götheborg ship,1,umlaut/ß
gnd:7785411-1,Alternate Name,"Baron von Stein, ship, 1883",1,common_words:von
gnd:7788572-7,Definition,"Motor ship extending to the ""White Fleet"" for scheduled services in the Ruhr Valley between Mülheim an der Ruhr and Essen-Kettwig; in operation from 1927 to 1941, then confirmed and converted by the Nazis; a new ship ""Oberhausen"" then operated on the same route from 1954-2011",2,"umlaut/ß;common_words:an,der"
gnd:4411261-0,Related Subjects,Güterverkehr,1,umlaut/ß
gnd:4564741-0,Name,Young Dear Ship,1,suffix_patterns
gnd:4571780-1,Alternate Name,Bohlbrücke,1,umlaut/ß
gnd:4628998-7,Name,Amélie ship,1,common_words:am
gnd:4641892-1,Alternate Name,Boules-des-Moulins,1,common_words:des
gnd:4647577-1,Related Subjects,Freimachung,1,suffix_patterns
gnd:4647719-6,Related Subjects,Postwertzeichen,1,suffix_patterns
gnd:4665699-6,Name,Joseph von Fraunhofer railroad train,1,common_words:von
gnd:4668926-6,Name,"Würzburg ship, 1883-1895",1,umlaut/ß
gnd:4672911-2,Related Subjects,Verkehrszeichen,1,suffix_patterns
gnd:4733152-5,Related Subjects,Postsendung,1,suffix_patterns
gnd:4740784-0,Related Subjects,Wasserstraße,1,umlaut/ß
gnd:4742948-3,Name,Lötschberg ship,1,umlaut/ß
gnd:4768698-4,Related Subjects,Briefsendung,1,suffix_patterns
gnd:4776781-9,Related Subjects,Straße,1,umlaut/ß
gnd:4794386-5,Related Subjects,Postsendung,1,suffix_patterns
gnd:4802472-7,Related Subjects,Postsendung,1,suffix_patterns
gnd:4802473-9,Related Subjects,Postwertzeichen,1,suffix_patterns
gnd:4802640-2,Related Subjects,Erdöltankschiff,1,umlaut/ß
gnd:4807753-7,Related Subjects,Postwertzeichen,1,suffix_patterns
gnd:4825121-5,Alternate Name,"Joh. L. Krüger,ship",1,umlaut/ß
gnd:7519965-8,Name,Lisa from Lübeck Ship,1,umlaut/ß
gnd:7528169-7,Alternate Name,Josef Schürmann 12,1,umlaut/ß
gnd:7528169-7,Alternate Name,Jos. Schürmann 12,1,umlaut/ß
gnd:7532093-9,Name,"Alexander von Humboldt Ship, 1967-2004",1,common_words:von
gnd:7564886-6,Related Subjects,Postwertzeichen,1,suffix_patterns
gnd:7564886-6,Related Subjects,Eilzustellung,1,suffix_patterns
gnd:7612179-3,Alternate Name,"Wilhelm von Oswald,Ship",1,common_words:von
gnd:7708008-7,Alternate Name,Gjöa,1,umlaut/ß
gnd:7751725-8,Name,Doulos Phos,1,suffix_patterns
gnd:7751725-8,Alternate Name,"Doulos,ship",1,suffix_patterns
gnd:7751725-8,Alternate Name,MV Doulos Phos,1,suffix_patterns
gnd:7751725-8,Alternate Name,MV Doulos,1,suffix_patterns
gnd:7751727-1,Related Subjects,Fähre,1,umlaut/ß
gnd:7751742-8,Related Subjects,Fähre,1,umlaut/ß
gnd:7755760-8,Related Subjects,Postwertzeichen,1,suffix_patterns
gnd:7755763-3,Related Subjects,Postwertzeichen,1,suffix_patterns
gnd:7755767-0,Related Subjects,Postsendung,1,suffix_patterns
gnd:7755768-2,Related Subjects,Postwertzeichen,1,suffix_patterns
gnd:7755769-4,Related Subjects,Postwertzeichen,1,suffix_patterns
gnd:7755771-2,Related Subjects,Postzustellung,1,suffix_patterns
gnd:7755772-4,Related Subjects,Postwertzeichen,1,suffix_patterns
gnd:7756085-1,Related Subjects,Postwertzeichen,1,suffix_patterns
gnd:7756087-5,Related Subjects,Postwertzeichen,1,suffix_patterns
gnd:7756264-1,Related Subjects,Postwertzeichen,1,suffix_patterns
gnd:7840914-7,Related Subjects,Straße,1,umlaut/ß
gnd:1034988786,Name,Königssee railroad train,1,umlaut/ß
gnd:1034988786,Alternate Name,IC Königssee,1,umlaut/ß
gnd:1034988786,Alternate Name,FD Königssee,1,umlaut/ß
gnd:1037047052,Related Subjects,Transport- und Logistikberuf,1,common_words:und
gnd:1042954941,Related Subjects,"Preis,Auszeichnung",1,suffix_patterns
gnd:1049483227,Alternate Name,"Rita Dölling,ship",1,umlaut/ß
gnd:104996845X,Related Subjects,Straße,1,umlaut/ß
gnd:1050038355,Name,Georg Büchner ship,1,umlaut/ß
gnd:1052161235,Alternate Name,DÜWAG large-capacity wagon,1,umlaut/ß
gnd:1059088991,Name,Wädensweil ship,1,umlaut/ß
gnd:1059088991,Alternate Name,"Wädenswil,ship",1,umlaut/ß
gnd:1070730971,Alternate Name,"Peter von Danczk,ship",1,common_words:von
gnd:1079607323,Related Subjects,Erdöltankschiff,1,umlaut/ß
gnd:1135501823,Related Subjects,Erdöltankschiff,1,umlaut/ß
gnd:4332733-3,Related Subjects,Gaststätte,1,umlaut/ß
gnd:4382926-0,Related Subjects,Gaststätte,1,umlaut/ß
gnd:4386072-2,Related Subjects,Gaststätte,1,umlaut/ß
gnd:4762981-2,Related Subjects,Gaststätte,1,umlaut/ß
gnd:7518647-0,Related Subjects,Gaststätte,1,umlaut/ß
gnd:7576603-6,Related Subjects,Gaststätte,1,umlaut/ß
gnd:7676031-5,Name,Hunauhütte annual 2006,1,umlaut/ß
gnd:7676031-5,Alternate Name,"Hunauhütte,History 2006",1,umlaut/ß
gnd:7690406-4,Related Subjects,Gaststätte,1,umlaut/ß
gnd:7690406-4,Related Subjects,"Preis,Auszeichnung",1,suffix_patterns
gnd:7707139-6,Related Subjects,Gaststätte,1,umlaut/ß
gnd:105147812X,Related Subjects,"Preis,Auszeichnung",1,suffix_patterns
gnd:4226118-1,Related Subjects,"Preis,Auszeichnung",1,suffix_patterns
gnd:4346327-7,Related Subjects,Umweltbelastung,1,suffix_patterns
gnd:4347192-4,Related Subjects,"Preis,Auszeichnung",1,suffix_patterns
gnd:4368705-2,Related Subjects,"Preis,Auszeichnung",1,suffix_patterns
gnd:4403308-4,Related Subjects,"Preis,Auszeichnung",1,suffix_patterns
gnd:4539617-6,Definition,"Development project of Forschungszentrum Jülich on helped of the Federal Ministry of Education, Science, Research and Technology",2,umlaut/ß;suffix_patterns
gnd:4555381-6,Related Subjects,Umweltbelastung,1,suffix_patterns
gnd:4631926-8,Name,Carl Friedrich von Martius Environmental Award,1,common_words:von
gnd:4631926-8,Alternate Name,Carl Friedrich von Martius Environmental Award,1,common_words:von
gnd:4631926-8,Related Subjects,"Preis,Auszeichnung",1,suffix_patterns
gnd:4689101-8,Related Subjects,Nachhaltigkeit,1,suffix_patterns
gnd:4700114-8,Related Subjects,"Preis,Auszeichnung",1,suffix_patterns
gnd:4709398-5,Related Subjects,"Preis,Auszeichnung",1,suffix_patterns
gnd:4757858-0,Related Subjects,"Preis,Auszeichnung",1,suffix_patterns
gnd:4824520-3,Name,Environmental award for companies in Baden-Württemberg,1,umlaut/ß
gnd:4824520-3,Related Subjects,"Preis,Auszeichnung",1,suffix_patterns
gnd:7582574-0,Related Subjects,"Preis,Auszeichnung",1,suffix_patterns
gnd:7705788-0,Related Subjects,Umweltbelastung,1,suffix_patterns
gnd:7724590-8,Related Subjects,"Preis,Auszeichnung",1,suffix_patterns
gnd:7735764-4,Related Subjects,"Preis,Auszeichnung",1,suffix_patterns
gnd:1046878999,Related Subjects,"Preis,Auszeichnung",1,suffix_patterns
gnd:1138729418,Related Subjects,Nachhaltigkeit,1,suffix_patterns
gnd:1176540750,Related Subjects,Umweltbelastung,1,suffix_patterns
gnd:1182373372,Related Subjects,"Preis,Auszeichnung",1,suffix_patterns
gnd:1252696779,Related Subjects,"Preis,Auszeichnung",1,suffix_patterns
gnd:1265687862,Name,Münster Environmental Award,1,umlaut/ß
gnd:1265687862,Alternate Name,Environmental Award of the City of Münster,1,umlaut/ß
gnd:1265687862,Related Subjects,"Preis,Auszeichnung",1,suffix_patterns
gnd:1265711887,Related Subjects,"Preis,Auszeichnung",1,suffix_patterns
gnd:1283980622,Related Subjects,"Preis,Auszeichnung",1,suffix_patterns
gnd:1283988739,Related Subjects,"Preis,Auszeichnung",1,suffix_patterns
gnd:4125606-2,Related Subjects,Raumordnung,1,suffix_patterns
gnd:4127604-8,Related Subjects,Raumordnung,1,suffix_patterns
gnd:4300732-6,Related Subjects,"Preis,Auszeichnung",1,suffix_patterns
gnd:4504694-3,Related Subjects,"Preis,Auszeichnung",1,suffix_patterns
gnd:4618913-0,Related Subjects,Nachhaltigkeit,1,suffix_patterns
gnd:4618913-0,Related Subjects,"Preis,Auszeichnung",1,suffix_patterns
gnd:4679877-8,Related Subjects,Rekultivierung,1,suffix_patterns
gnd:4745244-4,Related Subjects,"Preis,Auszeichnung",1,suffix_patterns
gnd:4842800-0,Related Subjects,"Preis,Auszeichnung",1,suffix_patterns
gnd:7526656-8,Related Subjects,"Preis,Auszeichnung",1,suffix_patterns
gnd:7577300-4,Related Subjects,Stadtentwicklung,1,suffix_patterns
gnd:7616673-9,Related Subjects,Landschaftsplanung,1,suffix_patterns
gnd:7700528-4,Related Subjects,Landschaftsplanung,1,suffix_patterns
gnd:7740548-1,Related Subjects,Stadtentwicklung,1,suffix_patterns
gnd:7757653-6,Related Subjects,Stadtsanierung,1,suffix_patterns
gnd:7758371-1,Related Subjects,Regionalförderung,2,umlaut/ß;suffix_patterns
gnd:7758371-1,Related Subjects,Großprojekt,1,umlaut/ß
gnd:1050587308,Related Subjects,Raumordnung,1,suffix_patterns
gnd:1050587308,Related Subjects,"Preis,Auszeichnung",1,suffix_patterns
gnd:1061057097,Related Subjects,Stadtplanung,1,suffix_patterns
gnd:1079496033,Related Subjects,Stadtentwicklung,1,suffix_patterns
gnd:118494816X,Related Subjects,Raumordnung,1,suffix_patterns
gnd:1184948496,Related Subjects,Raumordnung,1,suffix_patterns
gnd:1191539512,Related Subjects,Stadtplanung,1,suffix_patterns
gnd:122542318X,Related Subjects,"Preis,Auszeichnung",1,suffix_patterns
gnd:4631871-9,Related Subjects,"Preis,Auszeichnung",1,suffix_patterns
gnd:4225818-2,Related Subjects,"Preis,Auszeichnung",1,suffix_patterns
gnd:4225819-4,Related Subjects,"Preis,Auszeichnung",1,suffix_patterns
gnd:4504593-8,Related Subjects,"Preis,Auszeichnung",1,suffix_patterns
gnd:4614004-9,Related Subjects,"Preis,Auszeichnung",1,suffix_patterns
gnd:4740846-7,Name,Kyffhäuser large-scale nature conservation project in the Kyffhäuser Nature Park,1,umlaut/ß
gnd:4740846-7,Alternate Name,Kyffhäuser large-scale nature conservation project,1,umlaut/ß
gnd:4740846-7,Alternate Name,Kyffhäuser large-scale nature conservation project,1,umlaut/ß
gnd:4776870-8,Related Subjects,"Preis,Auszeichnung",1,suffix_patterns
gnd:4810448-6,Related Subjects,"Preis,Auszeichnung",1,suffix_patterns
gnd:4814427-7,Name,Large-scale nature conservation project in the Thuringian Rhön,1,umlaut/ß
gnd:4814930-5,Related Subjects,Musterbildung,1,suffix_patterns
gnd:7531035-1,Related Subjects,Förderungsprogramm,1,umlaut/ß
gnd:7576879-3,Related Subjects,"Preis,Auszeichnung",1,suffix_patterns
gnd:7621240-3,Related Subjects,"Preis,Auszeichnung",1,suffix_patterns
gnd:1294793950,Definition,Awarded annually since 1993 by the Gesellschaft Deutscher Chemiker and the Deutsche Bunsen-Gesellschaft für Physikalische Chemie for outstanding work on the history of scientific instruments,3,umlaut/ß;common_words:für;suffix_patterns
gnd:1294793950,Related Subjects,"Preis,Auszeichnung",1,suffix_patterns
gnd:7786441-4,Related Subjects,"Preis,Auszeichnung",1,suffix_patterns
gnd:7787546-1,Alternate Name,Jan-Wellem-Ring of the city of Düsseldorf,1,umlaut/ß
gnd:7787546-1,Related Subjects,"Preis,Auszeichnung",1,suffix_patterns
gnd:4331941-5,Related Subjects,Kulturraumforschung,1,suffix_patterns
gnd:4353164-7,Related Subjects,Kulturraumforschung,1,suffix_patterns
gnd:4371731-7,Related Subjects,Himmelsrichtung,1,suffix_patterns
gnd:4381446-3,Related Subjects,Kulturraumforschung,1,suffix_patterns
gnd:4382090-6,Related Subjects,Kulturraumforschung,1,suffix_patterns
gnd:4417983-2,Related Subjects,Kulturraumforschung,1,suffix_patterns
gnd:4422847-8,Related Subjects,Himmelsrichtung,1,suffix_patterns
gnd:4428185-7,Related Subjects,Kulturraumforschung,1,suffix_patterns
gnd:4467204-4,Related Subjects,Kulturraumforschung,1,suffix_patterns
gnd:4668937-0,Related Subjects,Himmelsrichtung,1,suffix_patterns
gnd:4748621-1,Related Subjects,Kulturraumforschung,1,suffix_patterns
gnd:4748623-5,Related Subjects,Kulturraumforschung,1,suffix_patterns
gnd:4754468-5,Related Subjects,Kulturraumforschung,1,suffix_patterns
gnd:4809492-4,Related Subjects,Kulturraumforschung,1,suffix_patterns
gnd:4809496-1,Related Subjects,Kulturraumforschung,1,suffix_patterns
gnd:7501588-2,Related Subjects,Himmelsrichtung,1,suffix_patterns
gnd:7501589-4,Related Subjects,Himmelsrichtung,1,suffix_patterns
gnd:7501590-0,Related Subjects,Himmelsrichtung,1,suffix_patterns
gnd:7549471-1,Related Subjects,Kulturraumforschung,1,suffix_patterns
gnd:7595463-1,Related Subjects,Kulturraumforschung,1,suffix_patterns
gnd:7670629-1,Related Subjects,Kulturraumforschung,1,suffix_patterns
gnd:7849420-5,Related Subjects,Kulturraumforschung,1,suffix_patterns
gnd:1054413029,Related Subjects,"Preis,Auszeichnung",1,suffix_patterns
gnd:1156741300,Related Subjects,"Preis,Auszeichnung",1,suffix_patterns
gnd:1215271336,Related Subjects,Kulturraumforschung,1,suffix_patterns
gnd:1229526412,Definition,Joseph Kuhl Society Homeland Prize for special services to the city of Jülich,2,umlaut/ß;suffix_patterns
gnd:1229526412,Related Subjects,"Preis,Auszeichnung",1,suffix_patterns
gnd:1283890968,Related Subjects,"Preis,Auszeichnung",1,suffix_patterns
gnd:4056730-8,Name,Stadtentwicklung,1,suffix_patterns
gnd:4056730-8,Related Subjects,Stadtplanung,1,suffix_patterns
gnd:4077814-9,Alternate Name,Grätzl,1,umlaut/ß
gnd:4223823-7,Name,Gräftenhof,1,umlaut/ß
gnd:4306741-4,Related Subjects,Siedlung,1,suffix_patterns
gnd:4517244-4,Related Subjects,Stadtentwicklung,1,suffix_patterns
gnd:1300924810,Related Subjects,Siedlung,1,suffix_patterns
gnd:1240929943,Related Subjects,Geodätisches Instrument,1,umlaut/ß
gnd:4064734-1,Definition,Verknüpfe mit Anwendungsgebiet,2,"umlaut/ß;common_words:mit,verknüpfe"
gnd:7762097-5,Name,Blänke,1,umlaut/ß
gnd:4332800-3,Name,Würzburg lying stones,1,umlaut/ß
gnd:4552088-4,Related Subjects,Fossile Säugetiere,1,umlaut/ß
gnd:4602034-2,Related Subjects,Fossile Säugetiere,1,umlaut/ß
gnd:4605822-9,Related Subjects,Fossile Säugetiere,1,umlaut/ß
gnd:4605823-0,Related Subjects,Fossile Säugetiere,1,umlaut/ß
gnd:4613988-6,Related Subjects,Fossile Säugetiere,1,umlaut/ß
gnd:4651524-0,Name,Friedrich von Alberti Prize,1,common_words:von
gnd:4651524-0,Alternate Name,Friedrich von Alberti Prize,1,common_words:von
gnd:4651524-0,Related Subjects,"Preis,Auszeichnung",1,suffix_patterns
gnd:4663149-5,Related Subjects,Fossile Säugetiere,1,umlaut/ß
gnd:4711683-3,Related Subjects,Fossile Armfüßer,1,umlaut/ß
gnd:4713148-2,Related Subjects,Fossile Säugetiere,1,umlaut/ß
gnd:7593751-7,Related Subjects,Fossile Säugetiere,1,umlaut/ß
gnd:7672482-7,Related Subjects,Fossile Säugetiere,1,umlaut/ß
gnd:7696899-6,Related Subjects,Fossile Säugetiere,1,umlaut/ß
gnd:103198643X,Related Subjects,Fossile Säugetiere,1,umlaut/ß
gnd:1031987002,Related Subjects,Fossile Säugetiere,1,umlaut/ß
gnd:104254333X,Related Subjects,Fossile Säugetiere,1,umlaut/ß
gnd:1113682744,Alternate Name,Wiehengebirgsjäger,1,umlaut/ß
gnd:1132173361,Definition,Largest known ammonite species in the history of the earth; the first species found is in the LWL-Museum für Naturkunde in Münster (Westf),2,umlaut/ß;common_words:für
gnd:1238193889,Related Subjects,Fossile Kopffüßer,1,umlaut/ß
gnd:4132781-0,Name,Gräfenberg array,1,umlaut/ß
gnd:4619283-9,Related Subjects,Krustenbewegung,1,suffix_patterns
gnd:4790018-0,Related Subjects,"Preis,Auszeichnung",1,suffix_patterns
gnd:4412256-1,Name,Dülmen layers,1,umlaut/ß
gnd:4517977-3,Related Subjects,Obereozän,1,umlaut/ß
gnd:4060051-8,Definition,Verknüpfe mit Anwendungsgebiet,2,"umlaut/ß;common_words:mit,verknüpfe"
gnd:4323181-0,Related Subjects,"Preis,Auszeichnung",1,suffix_patterns
gnd:4479873-8,Name,Höttinger Breccie,1,umlaut/ß
gnd:4479873-8,Alternate Name,Höttinger breccia,1,umlaut/ß
gnd:7710874-7,Name,Aachen bluestone,1,suffix_patterns
gnd:1063885841,Name,Kallmünz geology,1,umlaut/ß
gnd:1063885841,Alternate Name,"Kalmünzer,Geology",1,umlaut/ß
gnd:1071850369,Definition,"An ore whose main deposit is located in Central Africa and from which the metal tantalum (Ta) is primarily extracted. The name ""coltan"" is derived from the mineral group columbite-tantalite (coltan = short form). Columbite itself (according to Römpp) is a niobite and tantalite. Coltan is classified as a conflict mineral. Coltan mining in the Congo is mainly concentrated in the Lake Kivu region in the Democratic Republic of the Congo. Internationally known since 2004 due to the battles over exploitation rights between Rwanda and Congo. Coltan is a necessary raw material for the computer and cell phone industry.",2,umlaut/ß;common_words:an
gnd:116196620X,Related Subjects,Rotgültigerz,1,umlaut/ß
gnd:1193218659,Alternate Name,Rädlerz,1,umlaut/ß
gnd:1226893872,Name,Hösbachite,1,umlaut/ß
gnd:1283953617,Related Subjects,"Preis,Auszeichnung",1,suffix_patterns
gnd:7562812-0,Related Subjects,Krummflächensunn Clock,1,umlaut/ß
gnd:7563592-6,Related Subjects,Krummflächensonnenuhr,1,umlaut/ß
gnd:1188905376,Related Subjects,Zeiteinheit,1,suffix_patterns
gnd:4793582-0,Related Subjects,Phasenumwandlung,1,suffix_patterns
gnd:1141813335,Related Subjects,Allgemeine Relativitätstheorie,1,umlaut/ß
gnd:1188899937,Name,Zeiteinheit,1,suffix_patterns
gnd:1283360438,Definition,"In mathematical physics, Lieb-Thirring inequalities give an upper bound on the sums of powers of negative eigenvalues of a Schrödinger operator.",2,umlaut/ß;common_words:an
gnd:1294234048,Related Subjects,Maßeinheit,2,umlaut/ß;suffix_patterns
gnd:4338480-8,Related Subjects,Strömung,2,umlaut/ß;suffix_patterns
gnd:4637631-8,Related Subjects,Strömung,2,umlaut/ß;suffix_patterns
gnd:7847731-1,Related Subjects,Strömung,2,umlaut/ß;suffix_patterns
gnd:4183540-2,Related Subjects,Strahlung,1,suffix_patterns
gnd:4183696-0,Related Subjects,Strahlung,1,suffix_patterns
gnd:4251510-5,Name,Magnetische Doppelbrechung,1,suffix_patterns
gnd:4264342-9,Related Subjects,Strahlung,1,suffix_patterns
gnd:4502751-1,Definition,Für die Farbe,2,"umlaut/ß;common_words:die,für"
gnd:4513725-0,Related Subjects,Strahlung,1,suffix_patterns
gnd:4584261-9,Definition,Für die Farbe,2,"umlaut/ß;common_words:die,für"
gnd:4692726-8,Definition,Für die Farbe,2,"umlaut/ß;common_words:die,für"
gnd:4792344-1,Alternate Name,CALOS,1,suffix_patterns
gnd:1238249248,Related Subjects,Strahlung,1,suffix_patterns
gnd:4126328-5,Related Subjects,Elektromagnetische Strahlung,1,suffix_patterns
gnd:4170382-0,Related Subjects,Streuung,1,suffix_patterns
gnd:4171630-9,Related Subjects,Neutronenstreuung,1,suffix_patterns
gnd:4237135-1,Related Subjects,Streuung,1,suffix_patterns
gnd:4244850-5,Related Subjects,Streuung,1,suffix_patterns
gnd:4275322-3,Related Subjects,Elementarteilchen,1,suffix_patterns
gnd:4275323-5,Related Subjects,Elementarteilchen,1,suffix_patterns
gnd:4275324-7,Related Subjects,Elementarteilchen,1,suffix_patterns
gnd:4297139-1,Related Subjects,Elementarteilchen,1,suffix_patterns
gnd:4332427-7,Related Subjects,Streuung,1,suffix_patterns
gnd:4333398-9,Related Subjects,Elementarteilchen,1,suffix_patterns
gnd:4348942-4,Definition,Particle detector at COSY in Jülich,2,umlaut/ß;suffix_patterns
gnd:4377696-6,Related Subjects,Elementarteilchen,1,suffix_patterns
gnd:4504523-9,Related Subjects,Supersymmetrisches Teilchen,1,suffix_patterns
gnd:4591573-8,Related Subjects,Supersymmetrisches Teilchen,1,suffix_patterns
gnd:4680408-0,Related Subjects,Strahlung,1,suffix_patterns
gnd:7566112-3,Related Subjects,Supersymmetrisches Teilchen,1,suffix_patterns
gnd:1295806541,Related Subjects,Elektromagnetische Strahlung,1,suffix_patterns
gnd:1315948079,Related Subjects,Maßeinheit,2,umlaut/ß;suffix_patterns
gnd:1315948079,Related Subjects,Radioaktivität,1,umlaut/ß
gnd:4245196-6,Related Subjects,Festkörperphysik,1,umlaut/ß
gnd:4246941-7,Related Subjects,Teilchen,1,suffix_patterns
gnd:4338133-9,Related Subjects,Strömung,2,umlaut/ß;suffix_patterns
gnd:4351369-4,Related Subjects,Strukturverfeinerung,1,suffix_patterns
gnd:4405197-9,Related Subjects,Phasenumwandlung,1,suffix_patterns
gnd:4587112-7,Related Subjects,Festkörper,1,umlaut/ß
gnd:4827418-5,Related Subjects,Festkörperphysik,1,umlaut/ß
gnd:1119459435,Related Subjects,Supraleitung,1,suffix_patterns
gnd:1147608121,Related Subjects,Festkörperphysik,1,umlaut/ß
gnd:119997448X,Related Subjects,Dünne Schicht,1,umlaut/ß
gnd:1249869293,Related Subjects,Dünne Schicht,1,umlaut/ß
gnd:4297539-6,Name,Van der Waals cluster,1,common_words:der
gnd:4297539-6,Related Subjects,Van der Waals force,1,common_words:der
gnd:4346688-6,Related Subjects,Übergangsmetall,1,umlaut/ß
gnd:4370341-0,Related Subjects,Übergangsmetall,1,umlaut/ß
gnd:4520450-0,Related Subjects,Übergangsmetall,1,umlaut/ß
gnd:1104872358,Related Subjects,Veraachen,1,suffix_patterns
gnd:4164744-0,Name,Komarowsky von Fellenberg reaction,1,common_words:von
gnd:4541532-8,Definition,"Family of small extracellular proteins that have an 8-stranded ß-barrel as a common supersecondary structure, with the help of which they can bind and transport small hydrophobic molecules",2,umlaut/ß;common_words:an
gnd:4312765-4,Related Subjects,Übergangsmetall,1,umlaut/ß
gnd:7527678-1,Alternate Name,Calcium bis(metaphosphates),1,common_words:bis
gnd:4417452-4,Related Subjects,Fünfringheterocyclen,1,umlaut/ß
gnd:4466941-0,Related Subjects,Fünfringheterocyclen,1,umlaut/ß
gnd:4507919-5,Alternate Name,"Bisdimethylaminophenothiazinylium chloride,3,7-bis(dimethylamino)-phenothiazinylium chloride",1,common_words:bis
gnd:4538734-5,Related Subjects,Fünfringheterocyclen,1,umlaut/ß
gnd:4624585-6,Related Subjects,Fünfringheterocyclen,1,umlaut/ß
gnd:4796100-4,Related Subjects,Supramolekül,1,umlaut/ß
gnd:4830543-1,Related Subjects,Sekundärmetabolit,1,umlaut/ß
gnd:1095142119,Related Subjects,Sekundärmetabolit,1,umlaut/ß
gnd:4300396-5,Related Subjects,Ökosystem,1,umlaut/ß
gnd:4338492-4,Related Subjects,Ökologie,1,umlaut/ß
gnd:4410319-0,Related Subjects,Ökologie,1,umlaut/ß
gnd:4411632-9,Related Subjects,Ökologie,1,umlaut/ß
gnd:4411632-9,Related Subjects,"Preis,Auszeichnung",1,suffix_patterns
gnd:4638558-7,Related Subjects,Ökologie,1,umlaut/ß
gnd:4640456-9,Definition,Begriff der biologischen Systematik,2,common_words:der;suffix_patterns
gnd:4647880-2,Definition,Begriff der biologischen Systematik,2,common_words:der;suffix_patterns
gnd:4250249-4,Related Subjects,Genklonierung,1,suffix_patterns
gnd:4300564-0,Name,Sekundärmetabolit,1,umlaut/ß
gnd:4377227-4,Related Subjects,Gentechnisch veränderter Organismus,2,umlaut/ß;suffix_patterns
gnd:4623644-2,Related Subjects,Genklonierung,1,suffix_patterns
gnd:4681779-7,Related Subjects,"Preis,Auszeichnung",1,suffix_patterns
gnd:4707938-1,Related Subjects,"Preis,Auszeichnung",1,suffix_patterns
gnd:1023721031,Alternate Name,Synuclein,1,suffix_patterns
gnd:1043111840,Related Subjects,Genklonierung,1,suffix_patterns
gnd:1156563224,Name,Synuclein alpha-,1,suffix_patterns
gnd:1156563224,Alternate Name,"Synuclein,α-",1,suffix_patterns
gnd:1156563224,Alternate Name,α-synuclein,1,suffix_patterns
gnd:1156563224,Alternate Name,"Synuclein,alpha-",1,suffix_patterns
gnd:1156563224,Alternate Name,Alpha-synuclein,1,suffix_patterns
gnd:1156563224,Alternate Name,Alpha-synuclein,1,suffix_patterns
gnd:4642159-2,Related Subjects,Essigsäurebakterien,1,umlaut/ß
gnd:4660871-0,Related Subjects,Essigsäurebakterien,1,umlaut/ß
gnd:7849424-2,Name,Torulaspora delbrückii,1,umlaut/ß
gnd:4181772-2,Related Subjects,"Hybridisierung,Biologie",1,suffix_patterns
gnd:4200230-8,Definition,"On the one hand, genetic analysis is an important medical term (Pschyrembel: Detection of a gene mutation for the differential diagnosis of hereditary diseases and as a basis for genetic counselling) and, on the other hand, the detection of the genes or alleles involved in the phenotype of an organism, including their organization in the genome (Reallex. Med. from 1977). According to Römpp (10th ed.), genome analysis is undersood as the sequencing of all base pairs of the genome (content of the genome projects) as well as the connection between sequence and trait, the late corresponding to gene analysis.",2,umlaut/ß;common_words:an
gnd:4599861-9,Related Subjects,Genklonierung,1,suffix_patterns
gnd:4187511-4,Definition,verknüpfe mit Anwendungsgebiet,2,"umlaut/ß;common_words:mit,verknüpfe"
gnd:4189965-9,Alternate Name,Tripartite division of an angle,1,common_words:an
gnd:4197103-6,Related Subjects,Mannigfaltigkeit,1,suffix_patterns
gnd:4214218-0,Definition,Verknüpfe mit Anwendungsgebiet,2,"umlaut/ß;common_words:mit,verknüpfe"
gnd:4218833-7,Definition,Verknüpfe mit Anwendungsgebiet,2,"umlaut/ß;common_words:mit,verknüpfe"
gnd:4235959-4,Definition,Verknüpfe mit Anwendungsgebiet,2,"umlaut/ß;common_words:mit,verknüpfe"
gnd:4245402-5,Definition,Verknüpfe mit Anwendungsgebiet,2,"umlaut/ß;common_words:mit,verknüpfe"
gnd:4254836-6,Definition,Verknüpfe mit Anwendungsgebiet,2,"umlaut/ß;common_words:mit,verknüpfe"
gnd:4417872-4,Related Subjects,Gleichung,1,suffix_patterns
gnd:4479720-5,Related Subjects,"Preis,Auszeichnung",1,suffix_patterns
gnd:4512132-1,Related Subjects,Mannigfaltigkeit,1,suffix_patterns
gnd:4553106-7,Related Subjects,Regularisierung,1,suffix_patterns
gnd:4577038-4,Alternate Name,"DEM,Mathematics",1,common_words:dem
gnd:4625840-1,Name,Kähler Differents,1,umlaut/ß
gnd:4655372-1,Related Subjects,"Lösung,Mathematik",2,umlaut/ß;suffix_patterns
gnd:4680565-5,Related Subjects,Partielle Differentialgleichung,1,suffix_patterns
gnd:4700698-5,Related Subjects,Differentialgleichung,1,suffix_patterns
gnd:4705983-7,Related Subjects,Numerische Strömungssimulation,1,umlaut/ß
gnd:4724474-4,Related Subjects,Integralgleichung,1,suffix_patterns
gnd:4742675-5,Related Subjects,Integrodifferentialgleichung,1,suffix_patterns
gnd:4769579-1,Name,Hölder room,1,umlaut/ß
gnd:4769579-1,Definition,Banach space of bounded continuous functions defined on an n-dimensional Euclidean space and satisfying the Hölder condition,2,umlaut/ß;common_words:an
gnd:4772570-9,Related Subjects,Numerische Strömungssimulation,1,umlaut/ß
gnd:4776197-0,Related Subjects,"Preis,Auszeichnung",1,suffix_patterns
gnd:4781704-5,Alternate Name,Fuzzy-ODER,1,common_words:oder
gnd:4781712-4,Alternate Name,Fuzzy-UND,1,common_words:und
gnd:4792645-4,Name,Konstruktion mit Zirkel und Lineal,1,"common_words:mit,und"
gnd:4794529-1,Related Subjects,"Abbildung,Mathematik",1,suffix_patterns
gnd:4810455-3,Related Subjects,"Preis,Auszeichnung",1,suffix_patterns
gnd:4844614-2,Alternate Name,Möbius minimum area,1,umlaut/ß
gnd:7519293-7,Name,Schrödinger-Poisson system,1,umlaut/ß
gnd:103259148X,Name,Pólya-Szegö principle,1,umlaut/ß
gnd:103259148X,Alternate Name,Pólya-Szegö inequality,1,umlaut/ß
gnd:103259148X,Alternate Name,Szegö inequality,1,umlaut/ß
gnd:1050252888,Related Subjects,"Preis,Auszeichnung",1,suffix_patterns
gnd:107532663X,Related Subjects,Gleichung,1,suffix_patterns
gnd:1133022987,Name,Müller matrix,1,umlaut/ß
gnd:1133022987,Definition,The concept of the Müller matrix allows the transformation of Stokes vectors. Stokes vectors describe the polarization of an electromagnetic wave.,2,umlaut/ß;common_words:an
gnd:1173283889,Related Subjects,Numerische Strömungssimulation,1,umlaut/ß
gnd:1199368385,Related Subjects,Mannigfaltigkeit,1,suffix_patterns
gnd:127956587X,Related Subjects,Mannigfaltigkeit,1,suffix_patterns
gnd:1282229745,Related Subjects,Numerische Strömungssimulation,1,umlaut/ß
gnd:1287180175,Related Subjects,Ungleichung,1,suffix_patterns
gnd:1294256157,Related Subjects,Differentialgleichung,1,suffix_patterns
gnd:1299521789,Related Subjects,Differentialgleichung,1,suffix_patterns
gnd:130472364X,Related Subjects,Differentialgleichung,1,suffix_patterns
gnd:131903652X,Related Subjects,Differentialgleichung,1,suffix_patterns
gnd:4161983-3,Related Subjects,Optimierung,1,suffix_patterns
gnd:4390818-4,Related Subjects,Optimierung,1,suffix_patterns
gnd:4437829-4,Related Subjects,Optimierung,1,suffix_patterns
gnd:4581079-5,Related Subjects,Jubiläum,1,umlaut/ß
gnd:4747317-4,Related Subjects,Wahrscheinlichkeitsverteilung,1,suffix_patterns
gnd:4806163-3,Related Subjects,Kombinatorische Optimierung,1,suffix_patterns
gnd:4808936-9,Definition,"A measure-valued Markov process that plays an important role as a limit value of systems of brinching Brownian pieces or other interacting particle systems. (Mörters, TU Berlin)",2,umlaut/ß;common_words:an
gnd:4820176-5,Related Subjects,Optimierung,1,suffix_patterns
gnd:4842473-0,Definition,"Procedure for comparing models based on the maximum likelihood estimation method. Two models are compared in each case: an initial model, which generally contains several model parameters, and a comparison model in which restrictions are imposed on one or more of these parameters. The comparison is always used to check when the unrestricted model is significantly ""better"" than the restricted model, i.e. has a better fit. If this is not the case, the restricted model is preferred because it is simpler (and yet not worse in terms of explanatory power). (ILMES - Internet-Lexikon der Methoden der empirischen Sozialforschung) (ILMES - Internet-Lexikon der Methoden der Methoden der empirischen Sozialforschung)",2,"common_words:an,der;suffix_patterns"
gnd:7719525-5,Related Subjects,Optimierung,1,suffix_patterns
gnd:7726867-2,Related Subjects,Kombinatorische Optimierung,1,suffix_patterns
gnd:7752811-6,Related Subjects,Optimierung,1,suffix_patterns
gnd:117256860X,Related Subjects,Optimierung,1,suffix_patterns
gnd:128097995X,Related Subjects,Wahrscheinlichkeitsverteilung,1,suffix_patterns
gnd:1298806003,Related Subjects,Wahrscheinlichkeitsverteilung,1,suffix_patterns
gnd:4184280-7,Related Subjects,Programmierung,1,suffix_patterns
gnd:4207417-4,Related Subjects,Bildverarbeitung,1,suffix_patterns
gnd:4207669-9,Related Subjects,Programmierung,1,suffix_patterns
gnd:4209215-2,Related Subjects,Bildverarbeitung,1,suffix_patterns
gnd:4233836-0,Related Subjects,Programmierung,1,suffix_patterns
gnd:4293226-9,Related Subjects,Gleichung,1,suffix_patterns
gnd:4366915-3,Related Subjects,Evolutionärer Algorithmus,1,umlaut/ß
gnd:4500172-8,Related Subjects,Evolutionärer Algorithmus,1,umlaut/ß
gnd:4567206-4,Related Subjects,Programmierung,1,suffix_patterns
gnd:4613929-1,Related Subjects,Codierung,1,suffix_patterns
gnd:4615479-6,Name,Büchi vending machine,1,umlaut/ß
gnd:4625421-3,Related Subjects,Evolutionärer Algorithmus,1,umlaut/ß
gnd:4655318-6,Related Subjects,Evolutionärer Algorithmus,1,umlaut/ß
gnd:4682363-3,Name,Lindström Quantor,1,umlaut/ß
gnd:4682363-3,Alternate Name,Lindström quantifiers,1,umlaut/ß
gnd:4702113-5,Related Subjects,Visualisierung,1,suffix_patterns
gnd:4703431-2,Related Subjects,Verdeckungsrechnung,1,suffix_patterns
gnd:4705801-8,Related Subjects,Transaktionsverarbeitung,1,suffix_patterns
gnd:4715802-5,Related Subjects,Virtuelle Realität,1,umlaut/ß
gnd:4730045-0,Related Subjects,Softwareentwicklung,1,suffix_patterns
gnd:4765536-7,Related Subjects,Visualisierung,1,suffix_patterns
gnd:4778903-7,Related Subjects,Bildverarbeitung,1,suffix_patterns
gnd:4784343-3,Related Subjects,Softwareentwicklung,1,suffix_patterns
gnd:4803556-7,Related Subjects,Codierung,1,suffix_patterns
gnd:4806620-5,Related Subjects,Softwareentwicklung,1,suffix_patterns
gnd:4807395-7,Related Subjects,Programmierung,1,suffix_patterns
gnd:4815151-8,Related Subjects,Bildverarbeitung,1,suffix_patterns
gnd:4818897-9,Related Subjects,Komplexitätstheorie,1,umlaut/ß
gnd:4824159-3,Related Subjects,Schriftzeichen,1,suffix_patterns
gnd:4824159-3,Related Subjects,Codierung,1,suffix_patterns
gnd:4825817-9,Related Subjects,Computersicherheit,1,suffix_patterns
gnd:4830755-5,Related Subjects,Softwareproduktionsumgebung,1,suffix_patterns
gnd:4832365-2,Related Subjects,Softwareentwicklung,1,suffix_patterns
gnd:7518179-4,Related Subjects,Computersicherheit,1,suffix_patterns
gnd:7539699-3,Related Subjects,Sicherheit,1,suffix_patterns
gnd:7545389-7,Related Subjects,Datenverarbeitung,1,suffix_patterns
gnd:7558293-4,Related Subjects,Programmierung,1,suffix_patterns
gnd:7562931-8,Related Subjects,Datensicherung,1,suffix_patterns
gnd:7562931-8,Related Subjects,Computersicherheit,1,suffix_patterns
gnd:7586415-0,Related Subjects,Visualisierung,1,suffix_patterns
gnd:7616015-4,Related Subjects,Codierung,1,suffix_patterns
gnd:7719527-9,Related Subjects,Objektorientierung,1,suffix_patterns
gnd:7730652-1,Related Subjects,Forschung,1,suffix_patterns
gnd:1155502108,Related Subjects,Künstliche Intelligenz,1,umlaut/ß
gnd:1164034995,Related Subjects,Schriftzeichen,1,suffix_patterns
gnd:1176227475,Related Subjects,Softwareentwicklung,1,suffix_patterns
gnd:1241053839,Related Subjects,Künstliche Intelligenz,1,umlaut/ß
gnd:126084787X,Related Subjects,Virtuelle Realität,1,umlaut/ß
gnd:126084787X,Related Subjects,"Erweiterte Realität,Informatik",1,umlaut/ß
gnd:1271364182,Related Subjects,Softwareentwicklung,1,suffix_patterns
gnd:1298858054,Related Subjects,Datenverarbeitung,1,suffix_patterns
gnd:4197071-8,Related Subjects,Benutzeroberfläche,1,umlaut/ß
gnd:4212293-4,Related Subjects,Softwareproduktionsumgebung,1,suffix_patterns
gnd:4212294-6,Related Subjects,Softwareproduktionsumgebung,1,suffix_patterns
gnd:4246124-8,Related Subjects,Raumordnung,1,suffix_patterns
gnd:4263191-9,Related Subjects,Softwareproduktionsumgebung,1,suffix_patterns
gnd:4264731-9,Related Subjects,Datenverwaltung,1,suffix_patterns
gnd:4278796-8,Related Subjects,Softwareproduktionsumgebung,1,suffix_patterns
gnd:4278796-8,Related Subjects,Benutzeroberfläche,1,umlaut/ß
gnd:4290448-1,Related Subjects,Textverarbeitung,1,suffix_patterns
gnd:4298874-3,Related Subjects,Datenübertragung,2,umlaut/ß;suffix_patterns
gnd:4312421-5,Related Subjects,Programmierumgebung,1,suffix_patterns
gnd:4313234-0,Related Subjects,Bürocomputer,1,umlaut/ß
gnd:4313878-0,Related Subjects,Benutzeroberfläche,1,umlaut/ß
gnd:4324291-1,Related Subjects,Textverarbeitung,1,suffix_patterns
gnd:4339312-3,Related Subjects,Benutzeroberfläche,1,umlaut/ß
gnd:4340743-2,Related Subjects,Sicherheit,1,suffix_patterns
gnd:4343605-5,Related Subjects,Künstliche Intelligenz,1,umlaut/ß
gnd:4343960-3,Related Subjects,Benutzeroberfläche,1,umlaut/ß
gnd:4350947-2,Name,Tübingen database of conflicts in East-West relations,1,umlaut/ß
gnd:4353301-2,Related Subjects,Programmierumgebung,1,suffix_patterns
gnd:4356125-1,Related Subjects,Datensicherung,1,suffix_patterns
gnd:4358027-0,Related Subjects,Berechnung,1,suffix_patterns
gnd:4359115-2,Related Subjects,Berechnung,1,suffix_patterns
gnd:4362340-2,Name,Gödel programming language,1,umlaut/ß
gnd:4368739-8,Related Subjects,Softwareentwicklung,1,suffix_patterns
gnd:4368809-3,Related Subjects,Bildverarbeitung,1,suffix_patterns
gnd:4375069-2,Related Subjects,Tourenplanung,1,suffix_patterns
gnd:4381433-5,Related Subjects,Berechnung,1,suffix_patterns
gnd:4382024-4,Related Subjects,Büroarbeit,1,umlaut/ß
gnd:4387962-7,Related Subjects,Softwareproduktionsumgebung,1,suffix_patterns
gnd:4392936-9,Related Subjects,Strömungsmechanik,1,umlaut/ß
gnd:4392995-3,Related Subjects,Textverarbeitung,1,suffix_patterns
gnd:4398184-7,Related Subjects,Textverarbeitung,1,suffix_patterns
gnd:4404010-6,Related Subjects,Berechnung,1,suffix_patterns
gnd:4405369-1,Related Subjects,Textverarbeitung,1,suffix_patterns
gnd:4409157-6,Related Subjects,Visualisierung,1,suffix_patterns
gnd:4415017-9,Related Subjects,Programmierumgebung,1,suffix_patterns
gnd:4415456-2,Related Subjects,Programmierumgebung,1,suffix_patterns
gnd:4431392-5,Related Subjects,Entwicklung,1,suffix_patterns
gnd:4434807-1,Related Subjects,Speicherverwaltung,1,suffix_patterns
gnd:4435212-8,Related Subjects,Textverarbeitung,1,suffix_patterns
gnd:4436424-6,Related Subjects,Textverarbeitung,1,suffix_patterns
gnd:4440882-1,Related Subjects,Paläontologie,1,umlaut/ß
gnd:4447374-6,Related Subjects,Schriftzeichen,1,suffix_patterns
gnd:4447374-6,Related Subjects,Codierung,1,suffix_patterns
gnd:4451222-3,Related Subjects,Objektorientierung,1,suffix_patterns
gnd:4451222-3,Related Subjects,Softwareproduktionsumgebung,1,suffix_patterns
gnd:4452730-5,Related Subjects,Programmierumgebung,1,suffix_patterns
gnd:4456590-2,Related Subjects,Programmierumgebung,1,suffix_patterns
gnd:4460519-5,Related Subjects,Programmierumgebung,1,suffix_patterns
gnd:4468145-8,Related Subjects,Computerunterstützte Kommunikation,1,umlaut/ß
gnd:4469781-8,Related Subjects,Modellierung,1,suffix_patterns
gnd:4469781-8,Related Subjects,Objektorientierung,1,suffix_patterns
gnd:4469990-6,Related Subjects,Berechnung,1,suffix_patterns
gnd:4474725-1,Related Subjects,Graphische Benutzeroberfläche,1,umlaut/ß
gnd:4482478-6,Related Subjects,Bildverarbeitung,1,suffix_patterns
gnd:4482489-0,Related Subjects,Bildverarbeitung,1,suffix_patterns
gnd:4488632-9,Related Subjects,Textverarbeitung,1,suffix_patterns
gnd:4490609-2,Related Subjects,Büroarbeit,1,umlaut/ß
gnd:4490610-9,Related Subjects,Büroarbeit,1,umlaut/ß
gnd:4491694-2,Related Subjects,Öffentlicher Personennahverkehr,1,umlaut/ß
gnd:4493115-3,Related Subjects,Entwicklung,1,suffix_patterns
gnd:4493915-2,Related Subjects,Softwareproduktionsumgebung,1,suffix_patterns
gnd:4510845-6,Related Subjects,Großrechner,1,umlaut/ß
gnd:4510848-1,Related Subjects,Großrechner,1,umlaut/ß
gnd:4518807-5,Related Subjects,Programmierumgebung,1,suffix_patterns
gnd:4519867-6,Related Subjects,Nachhaltigkeit,1,suffix_patterns
gnd:4534900-9,Related Subjects,Bildverarbeitung,1,suffix_patterns
gnd:4536077-7,Related Subjects,Präsentationsgrafik,1,umlaut/ß
gnd:4536475-8,Related Subjects,Präsentationsgrafik,1,umlaut/ß
gnd:4537201-9,Related Subjects,Textverarbeitung,1,suffix_patterns
gnd:4538926-3,Related Subjects,Modellierung,1,suffix_patterns
gnd:4538926-3,Related Subjects,Objektorientierung,1,suffix_patterns
gnd:4539401-5,Related Subjects,Dateiverwaltung,1,suffix_patterns
gnd:4539675-9,Related Subjects,Textverarbeitung,1,suffix_patterns
gnd:4541296-0,Related Subjects,Wohnung,1,suffix_patterns
gnd:4541296-0,Related Subjects,Gartengestaltung,1,suffix_patterns
gnd:4544718-4,Related Subjects,Büroarbeit,1,umlaut/ß
gnd:4549036-3,Related Subjects,Visualisierung,1,suffix_patterns
gnd:4551800-2,Related Subjects,Gartengestaltung,1,suffix_patterns
gnd:4561081-2,Related Subjects,Wohnung,1,suffix_patterns
gnd:4562073-8,Related Subjects,Modellierung,1,suffix_patterns
gnd:4562073-8,Related Subjects,Objektorientierung,1,suffix_patterns
gnd:4563034-3,Related Subjects,Benutzeroberfläche,1,umlaut/ß
gnd:4577855-3,Related Subjects,Büroarbeit,1,umlaut/ß
gnd:4582524-5,Related Subjects,Berechnung,1,suffix_patterns
gnd:4588899-1,Related Subjects,Bildverarbeitung,1,suffix_patterns
gnd:4599158-3,Related Subjects,Textverarbeitung,1,suffix_patterns
gnd:4604270-2,Related Subjects,Dateiverwaltung,1,suffix_patterns
gnd:4609145-2,Related Subjects,Ökologie,1,umlaut/ß
gnd:4621876-2,Related Subjects,Bildverarbeitung,1,suffix_patterns
gnd:4631824-0,Related Subjects,Transaktionsverarbeitung,1,suffix_patterns
gnd:4632944-4,Related Subjects,Computerunterstützte Kommunikation,1,umlaut/ß
gnd:4635990-4,Related Subjects,Berechnung,1,suffix_patterns
gnd:4637990-3,Related Subjects,Modellierung,1,suffix_patterns
gnd:4637990-3,Related Subjects,Objektorientierung,1,suffix_patterns
gnd:4640119-2,Related Subjects,Büroarbeit,1,umlaut/ß
gnd:4645622-3,Related Subjects,Programmierumgebung,1,suffix_patterns
gnd:4645646-6,Related Subjects,Softwareproduktionsumgebung,1,suffix_patterns
gnd:4646124-3,Related Subjects,Programmierumgebung,1,suffix_patterns
gnd:4646236-3,Related Subjects,Programmierumgebung,1,suffix_patterns
gnd:4650194-0,Related Subjects,Präsentationsgrafik,1,umlaut/ß
gnd:4651094-1,Related Subjects,Präsentationsgrafik,1,umlaut/ß
gnd:4651095-3,Related Subjects,Präsentationsgrafik,1,umlaut/ß
gnd:4651527-6,Definition,Format zur Portierung von Dokumenten (Dateien),2,"common_words:von,zur;suffix_patterns"
gnd:4651530-6,Related Subjects,Datenübertragung,2,umlaut/ß;suffix_patterns
gnd:4653841-0,Related Subjects,Objektorientierung,1,suffix_patterns
gnd:4659178-3,Related Subjects,Programmierumgebung,1,suffix_patterns
gnd:4670818-2,Related Subjects,Programmierumgebung,1,suffix_patterns
gnd:4674578-6,Related Subjects,Textverarbeitung,1,suffix_patterns
gnd:4678758-6,Related Subjects,Programmierumgebung,1,suffix_patterns
gnd:4682221-5,Related Subjects,Programmierumgebung,1,suffix_patterns
gnd:4711758-8,Related Subjects,Programmierumgebung,1,suffix_patterns
gnd:4712573-1,Related Subjects,Büroarbeit,1,umlaut/ß
gnd:4714568-7,Related Subjects,Programmierumgebung,1,suffix_patterns
gnd:4718475-9,Related Subjects,Büroarbeit,1,umlaut/ß
gnd:4723820-3,Related Subjects,Softwareproduktionsumgebung,1,suffix_patterns
gnd:4723939-6,Related Subjects,Softwareentwicklung,1,suffix_patterns
gnd:4726689-2,Related Subjects,Benutzeroberfläche,1,umlaut/ß
gnd:4731453-9,Related Subjects,Softwareproduktionsumgebung,1,suffix_patterns
gnd:4740562-4,Related Subjects,Programmierumgebung,1,suffix_patterns
gnd:4744965-2,Related Subjects,Computersicherheit,1,suffix_patterns
gnd:4744965-2,Related Subjects,Datensicherung,1,suffix_patterns
gnd:4752580-0,Related Subjects,Datensicherung,1,suffix_patterns
gnd:4760459-1,Related Subjects,Büroarbeit,1,umlaut/ß
gnd:4760852-3,Related Subjects,Programmierumgebung,1,suffix_patterns
gnd:4763415-7,Related Subjects,Büroarbeit,1,umlaut/ß
gnd:4768065-9,Related Subjects,Programmierumgebung,1,suffix_patterns
gnd:4768859-2,Related Subjects,Großrechner,1,umlaut/ß
gnd:4779017-9,Related Subjects,Programmierumgebung,1,suffix_patterns
gnd:4780496-8,Definition,Eclipse ist eine Open Source Entwicklungsumgebung für Java und weitere Sprachen,3,"umlaut/ß;common_words:eine,für,und;suffix_patterns"
gnd:4780496-8,Related Subjects,Programmierumgebung,1,suffix_patterns
gnd:4780730-1,Related Subjects,Benutzeroberfläche,1,umlaut/ß
gnd:4781428-7,Related Subjects,Softwareentwicklung,1,suffix_patterns
gnd:4788950-0,Related Subjects,Maschinelle Übersetzung,2,umlaut/ß;suffix_patterns
gnd:4793378-1,Related Subjects,Versionsverwaltung,1,suffix_patterns
gnd:4799430-7,Related Subjects,Videobearbeitung,1,suffix_patterns
gnd:4800444-3,Related Subjects,Netzwerkverwaltung,1,suffix_patterns
gnd:4802162-3,Related Subjects,Softwareproduktionsumgebung,1,suffix_patterns
gnd:4802781-9,Related Subjects,Systementwicklung,1,suffix_patterns
gnd:4802781-9,Related Subjects,Objektorientierung,1,suffix_patterns
gnd:4802781-9,Related Subjects,Sicherheit,1,suffix_patterns
gnd:4805010-6,Related Subjects,Graphische Benutzeroberfläche,1,umlaut/ß
gnd:4805952-3,Related Subjects,Programmierumgebung,1,suffix_patterns
gnd:4812913-6,Related Subjects,Parallelverarbeitung,1,suffix_patterns
gnd:4818047-6,Related Subjects,Softwareproduktionsumgebung,1,suffix_patterns
gnd:4827220-6,Related Subjects,Videobearbeitung,1,suffix_patterns
gnd:4828412-9,Related Subjects,Präsentationsgrafik,1,umlaut/ß
gnd:4831325-7,Related Subjects,Programmierumgebung,1,suffix_patterns
gnd:4831599-0,Related Subjects,Softwareproduktionsumgebung,1,suffix_patterns
gnd:4835195-7,Related Subjects,Programmierumgebung,1,suffix_patterns
gnd:4835291-3,Related Subjects,Datenverwaltung,1,suffix_patterns
gnd:4835914-2,Related Subjects,Präsentationsgrafik,1,umlaut/ß
gnd:4836836-2,Definition,"iTunes ist ein kostenloses Computerprogramm der Firma Apple zum Abspielen, Organisieren und Kaufen von Musik. iTunes läuft unter den Betriebssystemen Mac OS X, Windows 2000 oder Windows XP.",2,"umlaut/ß;common_words:den,der,ein,oder,und"
gnd:4837844-6,Related Subjects,Datenverwaltung,1,suffix_patterns
gnd:4841025-1,Related Subjects,Graphische Benutzeroberfläche,1,umlaut/ß
gnd:4845679-2,Definition,Eclipse ist eine Open Source Entwicklungsumgebung für Java und weitere Sprachen,3,"umlaut/ß;common_words:eine,für,und;suffix_patterns"
gnd:4845679-2,Related Subjects,Programmierumgebung,1,suffix_patterns
gnd:4875813-9,Related Subjects,Bildverarbeitung,1,suffix_patterns
gnd:4997700-3,Definition,"iTunes ist ein kostenloses Computerprogramm der Firma Apple zum Abspielen, Organisieren und Kaufen von Musik. iTunes läuft unter den Betriebssystemen Mac OS X, Windows 2000 oder Windows XP.",2,"umlaut/ß;common_words:den,der,ein,oder,und"
gnd:7515401-8,Related Subjects,Softwareproduktionsumgebung,1,suffix_patterns
gnd:7516630-6,Related Subjects,Programmierumgebung,1,suffix_patterns
gnd:7516633-1,Related Subjects,Softwareproduktionsumgebung,1,suffix_patterns
gnd:7522231-0,Definition,"Computer game series, mainly consisting of computer role-playing games; there are also 2 novels (Greg Keyes: Die Höllenstadt, Der Seelenlord)",2,"umlaut/ß;common_words:der,die"
gnd:7524295-3,Related Subjects,Softwareproduktionsumgebung,1,suffix_patterns
gnd:7524595-4,Related Subjects,Programmierung,1,suffix_patterns
gnd:7530588-4,Related Subjects,Videobearbeitung,1,suffix_patterns
gnd:7531433-2,Related Subjects,Softwareproduktionsumgebung,1,suffix_patterns
gnd:7531641-9,Related Subjects,Programmierumgebung,1,suffix_patterns
gnd:7537632-5,Related Subjects,Modellierung,1,suffix_patterns
gnd:7537632-5,Related Subjects,Objektorientierung,1,suffix_patterns
gnd:7538284-2,Related Subjects,Büroarbeit,1,umlaut/ß
gnd:7544019-2,Related Subjects,Modellierung,1,suffix_patterns
gnd:7545801-9,Related Subjects,Computersicherheit,1,suffix_patterns
gnd:7547165-6,Related Subjects,Büroarbeit,1,umlaut/ß
gnd:7547690-3,Related Subjects,Programmierumgebung,1,suffix_patterns
gnd:7548351-8,Definition,Eclipse ist eine Open Source Entwicklungsumgebung für Java und weitere Sprachen,3,"umlaut/ß;common_words:eine,für,und;suffix_patterns"
gnd:7548351-8,Related Subjects,Programmierumgebung,1,suffix_patterns
gnd:7551149-6,Related Subjects,Graphische Benutzeroberfläche,1,umlaut/ß
gnd:7552970-1,Related Subjects,Programmierumgebung,1,suffix_patterns
gnd:7553426-5,Related Subjects,Modellierung,1,suffix_patterns
gnd:7558144-9,Definition,"iTunes ist ein kostenloses Computerprogramm der Firma Apple zum Abspielen, Organisieren und Kaufen von Musik. iTunes läuft unter den Betriebssystemen Mac OS X, Windows 2000 oder Windows XP.",2,"umlaut/ß;common_words:den,der,ein,oder,und"
gnd:7560671-9,Related Subjects,Softwareproduktionsumgebung,1,suffix_patterns
gnd:7560706-2,Related Subjects,Graphische Benutzeroberfläche,1,umlaut/ß
gnd:7561424-8,Related Subjects,Virtuelle Realität,1,umlaut/ß
gnd:7562632-9,Related Subjects,Graphische Benutzeroberfläche,1,umlaut/ß
gnd:7562738-3,Related Subjects,Programmierumgebung,1,suffix_patterns
gnd:7569130-9,Related Subjects,Softwareentwicklung,1,suffix_patterns
gnd:7570566-7,Related Subjects,Graphische Benutzeroberfläche,1,umlaut/ß
gnd:7580371-9,Related Subjects,Softwareproduktionsumgebung,1,suffix_patterns
gnd:7583626-9,Definition,Eclipse ist eine Open Source Entwicklungsumgebung für Java und weitere Sprachen,3,"umlaut/ß;common_words:eine,für,und;suffix_patterns"
gnd:7583626-9,Related Subjects,Programmierumgebung,1,suffix_patterns
gnd:7585776-5,Related Subjects,Programmierumgebung,1,suffix_patterns
gnd:7597841-6,Related Subjects,Videobearbeitung,1,suffix_patterns
gnd:7598209-2,Related Subjects,Programmierumgebung,1,suffix_patterns
gnd:7604038-0,Related Subjects,Softwareproduktionsumgebung,1,suffix_patterns
gnd:7607039-6,Related Subjects,Softwareproduktionsumgebung,1,suffix_patterns
gnd:7610941-0,Related Subjects,Softwareproduktionsumgebung,1,suffix_patterns
gnd:7629239-3,Definition,Eclipse ist eine Open Source Entwicklungsumgebung für Java und weitere Sprachen,3,"umlaut/ß;common_words:eine,für,und;suffix_patterns"
gnd:7629239-3,Related Subjects,Programmierumgebung,1,suffix_patterns
gnd:7635825-2,Related Subjects,Softwareentwicklung,1,suffix_patterns
gnd:7657776-4,Related Subjects,Videobearbeitung,1,suffix_patterns
gnd:7661669-1,Related Subjects,Programmierumgebung,1,suffix_patterns
gnd:7691037-4,Related Subjects,Büroarbeit,1,umlaut/ß
gnd:7699385-1,Related Subjects,Büroarbeit,1,umlaut/ß
gnd:7699561-6,Related Subjects,Bildverarbeitung,1,suffix_patterns
gnd:7711910-1,Definition,Implementierung eines Applikation-Servers nach dem J2EE-Standard,2,"common_words:dem,nach;suffix_patterns"
gnd:7719528-0,Related Subjects,Softwareproduktionsumgebung,1,suffix_patterns
gnd:7719529-2,Related Subjects,Visualisierung,1,suffix_patterns
gnd:7719529-2,Related Subjects,Graphische Benutzeroberfläche,1,umlaut/ß
gnd:7728035-0,Related Subjects,Mobiles Endgerät,1,umlaut/ß
gnd:7728925-0,Related Subjects,Mobiles Endgerät,1,umlaut/ß
gnd:7731499-2,Definition,"""Ganzheitliche Behandlung von Komplexität""; an PC-supported procedure for the analysis, processing and presentation of normal language texts. Developed by Prof. Dr. Josef Zelger, University of Innsbruck. 1990 TAGEK method presented to the public for the first time. Further development by the TAGEK Society. The WinRelan software plays an important role in the evaluation of this qualitative research method.",3,"umlaut/ß;common_words:an,von;suffix_patterns"
gnd:7757645-7,Related Subjects,Büroarbeit,1,umlaut/ß
gnd:7840742-4,Related Subjects,Büroarbeit,1,umlaut/ß
gnd:7858090-0,Related Subjects,Berechnung,1,suffix_patterns
gnd:7860909-4,Related Subjects,Virtualisierung,1,suffix_patterns
gnd:7864017-9,Related Subjects,Textverarbeitung,1,suffix_patterns
gnd:102247104X,Related Subjects,Büroarbeit,1,umlaut/ß
gnd:1022823469,Related Subjects,Modellierung,1,suffix_patterns
gnd:1022823469,Related Subjects,Objektorientierung,1,suffix_patterns
gnd:102405196X,Alternate Name,"Münster Organizational Units, Roles and Identities Center",1,umlaut/ß
gnd:1025443233,Related Subjects,Büroarbeit,1,umlaut/ß
gnd:1027190863,Related Subjects,Präsentationsgrafik,1,umlaut/ß
gnd:102862686X,Related Subjects,Datensicherung,1,suffix_patterns
gnd:102862686X,Related Subjects,Netzwerkverwaltung,1,suffix_patterns
gnd:1035267802,Definition,LibreOffice ist eine im September 2010 aus dem Office-Paket OpenOffice.org hervorgegangene Abspaltung und wird seither unabhängig weiterentwickelt.,3,"umlaut/ß;common_words:aus,dem,eine,im,und;suffix_patterns"
gnd:1035267802,Related Subjects,Büroarbeit,1,umlaut/ß
gnd:1035495228,Definition,LibreOffice ist eine im September 2010 aus dem Office-Paket OpenOffice.org hervorgegangene Abspaltung und wird seither unabhängig weiterentwickelt.,3,"umlaut/ß;common_words:aus,dem,eine,im,und;suffix_patterns"
gnd:1035495228,Related Subjects,Büroarbeit,1,umlaut/ß
gnd:1043241000,Related Subjects,Visualisierung,1,suffix_patterns
gnd:1060766558,Related Subjects,Großrechner,1,umlaut/ß
gnd:1062940911,Related Subjects,Büroarbeit,1,umlaut/ß
gnd:1068185589,Related Subjects,Textverarbeitung,1,suffix_patterns
gnd:1069559091,Name,AN/__ACR1_-7,1,common_words:an
gnd:1069559091,Alternate Name,AN/FSQ-7 Combat Direction Central,1,common_words:an
gnd:1069559091,Related Subjects,Großrechner,1,umlaut/ß
gnd:1072388057,Related Subjects,Mobiles Endgerät,1,umlaut/ß
gnd:108224306X,Related Subjects,Systemverwaltung,1,suffix_patterns
gnd:109819411X,Related Subjects,Bewertung,1,suffix_patterns
gnd:1098575245,Related Subjects,Computerunterstützte Kommunikation,1,umlaut/ß
gnd:1118765370,Related Subjects,Modellierung,1,suffix_patterns
gnd:1125978422,Related Subjects,Mobiles Endgerät,1,umlaut/ß
gnd:1128250675,Related Subjects,Maschinelle Übersetzung,2,umlaut/ß;suffix_patterns
gnd:1128913852,Related Subjects,Modellierung,1,suffix_patterns
gnd:1130157431,Related Subjects,Visualisierung,1,suffix_patterns
gnd:1144526825,Related Subjects,Programmierumgebung,1,suffix_patterns
gnd:1165347075,Related Subjects,Ortung,1,suffix_patterns
gnd:1176233319,Related Subjects,Softwareentwicklung,1,suffix_patterns
gnd:1183615590,Related Subjects,Mobiles Endgerät,1,umlaut/ß
gnd:1185671803,Name,The Talos Principle,1,suffix_patterns
gnd:1197840621,Related Subjects,Präsentationsgrafik,1,umlaut/ß
gnd:1197840621,Related Subjects,Maschinelle Übersetzung,2,umlaut/ß;suffix_patterns
gnd:1226816630,Related Subjects,Bildverarbeitung,1,suffix_patterns
gnd:1253091676,Related Subjects,Videobearbeitung,1,suffix_patterns
gnd:1268382183,Related Subjects,Programmierung,1,suffix_patterns
gnd:1270097148,Name,Samsung Galaxy S22,1,suffix_patterns
gnd:1270097148,Alternate Name,Samsung Galaxy S22+,1,suffix_patterns
gnd:1270097148,Alternate Name,Samsung Galaxy S22Ultra,1,suffix_patterns
gnd:1284232115,Definition,CAD Anwendung speziell für Architekturentwürfe und Visualisierung von Bauprojekten,3,"umlaut/ß;common_words:für,und,von;suffix_patterns"
gnd:1297748441,Name,Samsung Galaxy S23,1,suffix_patterns
gnd:1297748441,Alternate Name,Samsung Galaxy S23+,1,suffix_patterns
gnd:1297748441,Alternate Name,Samsung Galaxy S23Ultra,1,suffix_patterns
gnd:1301945129,Related Subjects,Datensicherung,1,suffix_patterns
gnd:4509483-4,Related Subjects,Teilchen,1,suffix_patterns
gnd:4516232-3,Name,Veraschen,1,suffix_patterns
gnd:4582875-1,Related Subjects,Spritzgießen,1,umlaut/ß
gnd:4680807-3,Related Subjects,"Rost,Feuerung",1,suffix_patterns
gnd:4725226-1,Related Subjects,Kunststoffverarbeitung,1,suffix_patterns
gnd:7631522-8,Related Subjects,Kunststoffverarbeitung,1,suffix_patterns
gnd:7853288-7,Name,Köhler professional,1,umlaut/ß
gnd:1023660237,Related Subjects,Phasenumwandlung,1,suffix_patterns
gnd:1041278012,Related Subjects,Spritzgießen,1,umlaut/ß
gnd:1124866868,Related Subjects,Spritzgießen,1,umlaut/ß
gnd:1161115110,Related Subjects,Teilchen,1,suffix_patterns
gnd:1245158511,Related Subjects,Mühle,1,umlaut/ß
gnd:4359385-9,Related Subjects,"Preis,Auszeichnung",1,suffix_patterns
gnd:4554195-4,Related Subjects,Nickellegierung,1,suffix_patterns
gnd:7579569-3,Related Subjects,Werkstoffschädigung,2,umlaut/ß;suffix_patterns
gnd:1112294007,Related Subjects,Festkörperphysik,1,umlaut/ß
gnd:1113123923,Related Subjects,Hyperelastizität,1,umlaut/ß
gnd:1117158829,Related Subjects,Legierung,1,suffix_patterns
gnd:1120622891,Related Subjects,Spannungs-Dehnungs-Beziehung,1,suffix_patterns
gnd:1120623073,Related Subjects,Spannungs-Dehnungs-Beziehung,1,suffix_patterns
gnd:1135305307,Related Subjects,Reibung,1,suffix_patterns
gnd:1214308805,Related Subjects,Kupferlegierung,1,suffix_patterns
gnd:1312693614,Related Subjects,Reibung,1,suffix_patterns
gnd:4042907-6,Name,Oberfläche,1,umlaut/ß
gnd:4176074-8,Related Subjects,Optimierung,1,suffix_patterns
gnd:4226382-7,Related Subjects,Oberfläche,1,umlaut/ß
gnd:4399195-6,Related Subjects,Instandhaltung,1,suffix_patterns
gnd:4430087-6,Related Subjects,Forschung,1,suffix_patterns
gnd:4430087-6,Related Subjects,"Preis,Auszeichnung",1,suffix_patterns
gnd:4498807-2,Related Subjects,Jubiläum,1,umlaut/ß
gnd:4795965-4,Related Subjects,Jubiläum,1,umlaut/ß
gnd:1076034748,Related Subjects,Messung,1,suffix_patterns
gnd:1147892059,Related Subjects,Modellierung,1,suffix_patterns
gnd:1224918770,Related Subjects,Kitchen appliance,1,suffix_patterns
gnd:1238384978,Related Subjects,Nutzung,1,suffix_patterns
gnd:4115729-1,Related Subjects,Reibung,1,suffix_patterns
gnd:4135633-0,Related Subjects,Strömung,2,umlaut/ß;suffix_patterns
gnd:4183811-7,Related Subjects,Optimierung,1,suffix_patterns
gnd:4194956-0,Related Subjects,Werkstoffschädigung,2,umlaut/ß;suffix_patterns
gnd:4219804-5,Related Subjects,Strömung,2,umlaut/ß;suffix_patterns
gnd:4314754-9,Related Subjects,Strömungsmechanik,1,umlaut/ß
gnd:7785297-7,Related Subjects,Maßeinheit,2,umlaut/ß;suffix_patterns
gnd:4461683-1,Related Subjects,Strömung,2,umlaut/ß;suffix_patterns
gnd:4469519-6,Related Subjects,Geschwindigkeitsmessung,1,suffix_patterns
gnd:4606922-7,Related Subjects,Strömung,2,umlaut/ß;suffix_patterns
gnd:7579218-7,Related Subjects,Reibung,1,suffix_patterns
gnd:7662388-9,Related Subjects,Strukturoptimierung,1,suffix_patterns
gnd:1076288375,Related Subjects,Wärmeübertragung,2,umlaut/ß;suffix_patterns
gnd:1124104356,Related Subjects,Strömungsmechanik,1,umlaut/ß
gnd:1150672307,Related Subjects,Numerische Strömungssimulation,1,umlaut/ß
gnd:1150712716,Related Subjects,Numerische Strömungssimulation,1,umlaut/ß
gnd:1150725338,Related Subjects,Numerische Strömungssimulation,1,umlaut/ß
gnd:1152412760,Related Subjects,Belastung,1,suffix_patterns
gnd:1153438216,Related Subjects,Numerische Strömungssimulation,1,umlaut/ß
gnd:1153438216,Related Subjects,Reynoldssche Gleichung,1,suffix_patterns
gnd:1235892905,Related Subjects,Maßeinheit,2,umlaut/ß;suffix_patterns
gnd:4155402-4,Related Subjects,Regelung,1,suffix_patterns
gnd:4184655-2,Related Subjects,Fernerkundung,1,suffix_patterns
gnd:4598687-3,Related Subjects,Speicherprogrammierte Steuerung,1,suffix_patterns
gnd:4598688-5,Related Subjects,Speicherprogrammierte Steuerung,1,suffix_patterns
gnd:4602408-6,Related Subjects,Regelung,1,suffix_patterns
gnd:4712545-7,Related Subjects,Messgerät,1,umlaut/ß
gnd:4720216-6,Related Subjects,Messgerät,1,umlaut/ß
gnd:4738946-1,Related Subjects,Maßeinheit,2,umlaut/ß;suffix_patterns
gnd:7597067-3,Related Subjects,Speicherprogrammierte Steuerung,1,suffix_patterns
gnd:7597067-3,Related Subjects,Programmierumgebung,1,suffix_patterns
gnd:7719524-3,Related Subjects,Bildverarbeitung,1,suffix_patterns
gnd:1044773545,Related Subjects,Regelung,1,suffix_patterns
gnd:1059463385,Related Subjects,Laborgerät,1,umlaut/ß
gnd:1121939724,Related Subjects,Messgerät,1,umlaut/ß
gnd:1144985455,Related Subjects,Dünne Schicht,1,umlaut/ß
gnd:1180768507,Related Subjects,Messgerät,1,umlaut/ß
gnd:1237286654,Related Subjects,Speicherprogrammierte Steuerung,1,suffix_patterns
gnd:1293177547,Related Subjects,Messung,1,suffix_patterns
gnd:4206276-7,Name,Lübeck marzipan,1,umlaut/ß
gnd:4270206-9,Related Subjects,Mühle,1,umlaut/ß
gnd:7781040-5,Related Subjects,Mühle,1,umlaut/ß
gnd:4485261-7,Related Subjects,"Preis,Auszeichnung",1,suffix_patterns
gnd:4586051-8,Related Subjects,Ernährungsberuf,1,umlaut/ß
gnd:4627438-8,Name,Nahrungsergänzungsmittel,1,umlaut/ß
gnd:4700226-8,Related Subjects,Gärung,2,umlaut/ß;suffix_patterns
gnd:4874308-2,Related Subjects,Ernährungsberuf,1,umlaut/ß
gnd:7579507-3,Related Subjects,Nahrungsergänzungsmittel,1,umlaut/ß
gnd:7675975-1,Name,Röse-Godlieb method,1,umlaut/ß
gnd:7694844-4,Name,Wörther Castle Bitter,1,umlaut/ß
gnd:7694844-4,Alternate Name,Wörther Castle Bitter,1,umlaut/ß
gnd:7711869-8,Name,Prince Pückler ice cream,1,umlaut/ß
gnd:7711869-8,Definition,ice cream preparation named after the German writer Hermann Fürst von Pückler-Muskau,2,umlaut/ß;common_words:von
gnd:7725556-2,Related Subjects,Likör,1,umlaut/ß
gnd:1155422147,Related Subjects,Messgerät,1,umlaut/ß
gnd:1165584719,Related Subjects,"Preis,Auszeichnung",1,suffix_patterns
gnd:1173350276,Related Subjects,Likör,1,umlaut/ß
gnd:4512515-6,Related Subjects,Textilmaschinenführer,1,umlaut/ß
gnd:4512516-8,Related Subjects,Textilmaschinenführer,1,umlaut/ß
gnd:4512518-1,Related Subjects,Textilmaschinenführer,1,umlaut/ß
gnd:4512706-2,Related Subjects,Pelz- und Lederberuf,1,common_words:und
gnd:7819604-8,Related Subjects,Pelz- und Lederberuf,1,common_words:und
gnd:1125388307,Related Subjects,Textilherstellung,1,suffix_patterns
gnd:4369423-8,Related Subjects,Mühle,1,umlaut/ß
gnd:4353619-0,Related Subjects,Druck- und Papierberuf,1,common_words:und
gnd:4474753-6,Related Subjects,Druck- und Papierberuf,1,common_words:und
gnd:4474754-8,Related Subjects,Druck- und Papierberuf,1,common_words:und
gnd:4604699-9,Related Subjects,Druckformenherstellung,1,suffix_patterns
gnd:7519912-9,Related Subjects,Druck- und Papierberuf,1,common_words:und
gnd:7540324-9,Related Subjects,Druck- und Papierberuf,1,common_words:und
gnd:7540328-6,Related Subjects,Druck- und Papierberuf,1,common_words:und
gnd:7629806-1,Related Subjects,"Preis,Auszeichnung",1,suffix_patterns
gnd:7653413-3,Related Subjects,"Preis,Auszeichnung",1,suffix_patterns
gnd:7758514-8,Related Subjects,Druck- und Papierberuf,1,common_words:und
gnd:4021190-3,Related Subjects,Beschichtung,1,suffix_patterns
gnd:1057029025,Name,Mölders (D 186),1,umlaut/ß
gnd:1057029025,Alternate Name,Destroyer Mölders,1,umlaut/ß
gnd:4032272-5,Definition,Verknüpfe mit Anwendungsgebiet,2,"umlaut/ß;common_words:mit,verknüpfe"
gnd:4032272-5,Related Subjects,Verunreinigung,1,suffix_patterns
gnd:4064698-1,Related Subjects,Wasserversorgung,1,suffix_patterns
gnd:4077522-7,Related Subjects,Heizung,1,suffix_patterns
gnd:4135551-9,Related Subjects,Heizung,1,suffix_patterns
gnd:4139780-0,Related Subjects,Umweltverschmutzung,1,suffix_patterns
gnd:4506559-7,Related Subjects,Abfallbeseitigung,1,suffix_patterns
gnd:4537077-1,Related Subjects,Instandsetzung,1,suffix_patterns
gnd:4549900-7,Related Subjects,Wasserreinigung,1,suffix_patterns
gnd:4575540-1,Related Subjects,Rückstand,1,umlaut/ß
gnd:4630154-9,Related Subjects,Feuerung,1,suffix_patterns
gnd:7564778-3,Name,Kitchen waste shredder,1,suffix_patterns
gnd:7564778-3,Related Subjects,Abfallbeseitigung,1,suffix_patterns
gnd:7641099-7,Related Subjects,Heizung,1,suffix_patterns
gnd:1091592128,Related Subjects,Verunreinigung,1,suffix_patterns
gnd:1091592128,Related Subjects,Verschmutzung,1,suffix_patterns
gnd:1113557710,Related Subjects,Gefülltes Elastomer,1,umlaut/ß
gnd:1238385168,Related Subjects,Abwasserreinigung,1,suffix_patterns
gnd:1280958278,Related Subjects,Abfallwirtschaft,1,suffix_patterns
gnd:4541913-9,Related Subjects,Jubiläum,1,umlaut/ß
gnd:4580419-9,Related Subjects,Jubiläum,1,umlaut/ß
gnd:7520480-0,Related Subjects,Jubiläum,1,umlaut/ß
gnd:7588582-7,Alternate Name,"Maria Immaculata, bicentenary celebration, Büren, Paderborn",1,umlaut/ß
gnd:7588582-7,Alternate Name,"Maria Immaculata,History 2004,Büren, Paderborn",1,umlaut/ß
gnd:7588582-7,Related Subjects,Jubiläum,1,umlaut/ß
gnd:7705875-6,Related Subjects,Jubiläum,1,umlaut/ß
gnd:7715765-5,Related Subjects,Jubiläum,1,umlaut/ß
gnd:7718201-7,Related Subjects,Jubiläum,1,umlaut/ß
gnd:7758709-1,Name,Weiden Kürten St. Anne's Chapel Anniversary 2007,1,umlaut/ß
gnd:7758709-1,Related Subjects,Jubiläum,1,umlaut/ß
gnd:7859214-8,Related Subjects,Jubiläum,1,umlaut/ß
gnd:1047264196,Related Subjects,Jubiläum,1,umlaut/ß
gnd:4069183-4,Related Subjects,Ökologie,1,umlaut/ß
gnd:4168041-8,Related Subjects,Wohnung,1,suffix_patterns
gnd:4277878-5,Related Subjects,Ausstattung,1,suffix_patterns
gnd:7762387-3,Name,Pöppelmann Medal,1,umlaut/ß
gnd:7780681-5,Related Subjects,"Preis,Auszeichnung",1,suffix_patterns
gnd:4400230-0,Related Subjects,"Preis,Auszeichnung",1,suffix_patterns
gnd:4403312-6,Related Subjects,"Preis,Auszeichnung",1,suffix_patterns
gnd:4432488-1,Related Subjects,Wohnsiedlung,1,suffix_patterns
gnd:4451410-4,Related Subjects,Gartengestaltung,1,suffix_patterns
gnd:4458339-4,Name,Imām-bar,1,common_words:im
gnd:4513073-5,Related Subjects,Wohnung,1,suffix_patterns
gnd:4516487-3,Related Subjects,Raumordnung,1,suffix_patterns
gnd:4518008-8,Alternate Name,Heidenhütte,1,umlaut/ß
gnd:4518008-8,Alternate Name,"Heidenhaus, Heiden-Hüttchen",2,umlaut/ß;suffix_patterns
gnd:4588995-8,Related Subjects,Befestigung,1,suffix_patterns
gnd:4592125-8,Related Subjects,Befestigung,1,suffix_patterns
gnd:4599284-8,Definition,Awarded for the first time in 1999 by Hamburg Messe und Congress GmbH in partnership with Hamburgische Electicitäts-Werke AG,2,umlaut/ß;common_words:und
gnd:4599286-1,Name,Deubau Prize for young architects,1,suffix_patterns
gnd:4626933-2,Related Subjects,Befestigung,1,suffix_patterns
gnd:4632451-3,Name,Weißenhof Architecture Award,1,umlaut/ß
gnd:4659208-8,Name,Young architects in Hesse,1,suffix_patterns
gnd:4687178-0,Related Subjects,"Preis,Auszeichnung",1,suffix_patterns
gnd:4687889-0,Name,Hexastylos,1,suffix_patterns
gnd:4697416-7,Related Subjects,Wohnung,1,suffix_patterns
gnd:4724403-3,Related Subjects,Stadtentwicklung,1,suffix_patterns
gnd:4753979-3,Related Subjects,Befestigung,1,suffix_patterns
gnd:4785328-1,Name,Hans Heinrich Müller Prize,1,umlaut/ß
gnd:4824519-7,Related Subjects,"Preis,Auszeichnung",1,suffix_patterns
gnd:4835500-8,Related Subjects,"Preis,Auszeichnung",1,suffix_patterns
gnd:7557392-1,Related Subjects,"Preis,Auszeichnung",1,suffix_patterns
gnd:7561152-1,Definition,"Architecture competition of the German Eternit AG, Berlin; since 1995 awarded under the name Egon-Eiermann-Prize for German architecture students and young German architects, organized by Karl Krämer Verlag",2,umlaut/ß;suffix_patterns
gnd:7579770-7,Definition,2004 for the first time by the Stiftung Thür. Castles and Gardens Foundation,2,umlaut/ß;suffix_patterns
gnd:7579770-7,Related Subjects,"Preis,Auszeichnung",1,suffix_patterns
gnd:7652583-1,Related Subjects,Großprojekt,1,umlaut/ß
gnd:7652583-1,Related Subjects,Stadtentwicklung,1,suffix_patterns
gnd:7681749-0,Related Subjects,"Preis,Auszeichnung",1,suffix_patterns
gnd:7702193-9,Alternate Name,"Mülheim,Ruhrbania,Ruhr",1,umlaut/ß
gnd:7702193-9,Related Subjects,Städtebau,1,umlaut/ß
gnd:7702193-9,Related Subjects,Stadtentwicklung,1,suffix_patterns
gnd:7733398-6,Related Subjects,"Preis,Auszeichnung",1,suffix_patterns
gnd:7840072-7,Related Subjects,"Preis,Auszeichnung",1,suffix_patterns
gnd:7861136-2,Related Subjects,"Preis,Auszeichnung",1,suffix_patterns
gnd:1028952562,Related Subjects,Stadtentwicklung,1,suffix_patterns
gnd:1046793225,Definition,"Architecture prize for clients, awarded by the Bank für Tirol und Vorarlberg, first awarded in 1999.",2,"umlaut/ß;common_words:für,und"
gnd:1074045009,Name,Hugo Häring Award,1,umlaut/ß
gnd:1074045009,Alternate Name,Awards for good buildings in Baden-Württemberg,1,umlaut/ß
gnd:1074269136,Alternate Name,Young Architects Award,1,suffix_patterns
gnd:1153798522,Related Subjects,Nachhaltigkeit,1,suffix_patterns
gnd:1196657165,Related Subjects,Dombauhütte,1,umlaut/ß
gnd:1230451773,Related Subjects,Kitchen,1,suffix_patterns
gnd:1255804068,Related Subjects,Städtebau,1,umlaut/ß
gnd:1258828553,Related Subjects,Säulenordnung,2,umlaut/ß;suffix_patterns
gnd:1258830531,Related Subjects,Säulenordnung,2,umlaut/ß;suffix_patterns
gnd:1274160324,Related Subjects,Säulenordnung,2,umlaut/ß;suffix_patterns
gnd:4205779-6,Definition,verknüpfe mit Anwendungsgebiet,2,"umlaut/ß;common_words:mit,verknüpfe"
gnd:4405557-2,Related Subjects,Bemessung,1,suffix_patterns
gnd:4453961-7,Related Subjects,Bewertung,1,suffix_patterns
gnd:4720558-1,Related Subjects,Geodätisches Instrument,1,umlaut/ß
gnd:7555439-2,Related Subjects,Maler und Lackierer,1,common_words:und
gnd:7629994-6,Related Subjects,"Preis,Auszeichnung",1,suffix_patterns
gnd:1031978445,Related Subjects,Bodenverfestigung,1,suffix_patterns
gnd:1068252219,Related Subjects,Befestigung,1,suffix_patterns
gnd:1173936556,Related Subjects,Versammlungsstätte,1,umlaut/ß
gnd:119367753X,Related Subjects,Ingenieurleistung,1,suffix_patterns
gnd:119367753X,Related Subjects,"Preis,Auszeichnung",1,suffix_patterns
gnd:1270448935,Related Subjects,Ingenieurleistung,1,suffix_patterns
gnd:1270448935,Related Subjects,"Preis,Auszeichnung",1,suffix_patterns
gnd:4487916-7,Related Subjects,Landschaft,1,suffix_patterns
gnd:4143736-6,Definition,Experimental nuclear power plans at the Jülich nuclear research facility,2,umlaut/ß;suffix_patterns
gnd:4561066-6,Related Subjects,"Preis,Auszeichnung",1,suffix_patterns
gnd:4052922-8,Name,Schmierung,1,suffix_patterns
gnd:4052922-8,Related Subjects,Reibung,1,suffix_patterns
gnd:4052922-8,Related Subjects,Verschleiß,1,umlaut/ß
gnd:4163591-7,Related Subjects,Kerbwirkung,1,suffix_patterns
gnd:1178542963,Related Subjects,Straßenwalze,1,umlaut/ß
gnd:1179731336,Related Subjects,Schürfkübelwagen,1,umlaut/ß
gnd:1179731417,Related Subjects,Schürfkübelwagen,1,umlaut/ß
gnd:1179731530,Related Subjects,Schürfkübelwagen,1,umlaut/ß
gnd:117973419X,Related Subjects,Straßenwalze,1,umlaut/ß
gnd:1179737237,Related Subjects,Rüttelwalze,1,umlaut/ß
gnd:117973730X,Related Subjects,Rüttelwalze,1,umlaut/ß
gnd:1179737725,Related Subjects,Straßenwalze,1,umlaut/ß
gnd:1179737881,Related Subjects,Straßenwalze,1,umlaut/ß
gnd:1179737989,Related Subjects,Rüttelwalze,1,umlaut/ß
gnd:1180339967,Related Subjects,Straßenwalze,1,umlaut/ß
gnd:118034040X,Related Subjects,Straßenwalze,1,umlaut/ß
gnd:1180340841,Related Subjects,Straßenwalze,1,umlaut/ß
gnd:1180341139,Related Subjects,Straßenwalze,1,umlaut/ß
gnd:1184949247,Related Subjects,Straßenwalze,1,umlaut/ß
gnd:1186172401,Related Subjects,Straßenwalze,1,umlaut/ß
gnd:1186172754,Related Subjects,Straßenwalze,1,umlaut/ß
gnd:4315731-2,Related Subjects,Lagerung,1,suffix_patterns
gnd:4357125-6,Name,Königsberg class 1927-1945,1,umlaut/ß
gnd:4445855-1,Related Subjects,Geländefahrzeug,1,umlaut/ß
gnd:4472662-4,Alternate Name,Bölkow Bo 208 Junior,1,umlaut/ß
gnd:4472662-4,Alternate Name,Bölkow Junior,1,umlaut/ß
gnd:4510147-4,Related Subjects,Passive Sicherheit,1,suffix_patterns
gnd:4533807-3,Related Subjects,Zerstörer,1,umlaut/ß
gnd:4542658-2,Definition,Elektrolok der Schweizerischen Bundesbahnen,2,common_words:der;suffix_patterns
gnd:4543848-1,Definition,Straßenbahntyp der Wiener Verkehrsbetriebe,2,umlaut/ß;common_words:der
gnd:4543848-1,Related Subjects,Straßenbahn,1,umlaut/ß
gnd:4543849-3,Definition,Straßenbahntyp der Wiener Verkehrsbetriebe,2,umlaut/ß;common_words:der
gnd:4543849-3,Related Subjects,Straßenbahn,1,umlaut/ß
gnd:4548202-0,Alternate Name,ÖBB Series 1018,1,umlaut/ß
gnd:4548204-4,Alternate Name,ÖBB series 1020,1,umlaut/ß
gnd:4548204-4,Alternate Name,ÖBB Series 1020,1,umlaut/ß
gnd:4548204-4,Alternate Name,ÖBB 1020,1,umlaut/ß
gnd:4548205-6,Alternate Name,ÖBB Series 1118,1,umlaut/ß
gnd:4614502-3,Alternate Name,ÖBB Series 1570,1,umlaut/ß
gnd:4614503-5,Alternate Name,ÖBB Series 1670,1,umlaut/ß
gnd:4641438-1,Definition,Elektrolok der Schweizerischen Bundesbahnen,2,common_words:der;suffix_patterns
gnd:4646509-1,Alternate Name,Württemberg T 3 steam locomotive,1,umlaut/ß
gnd:4656664-8,Alternate Name,ÖBB Series 1110,1,umlaut/ß
gnd:4656667-3,Alternate Name,ÖBB series 1010,1,umlaut/ß
gnd:4677729-5,Alternate Name,ÖBB U series,1,umlaut/ß
gnd:4680193-5,Related Subjects,Militärflugzeug,1,umlaut/ß
gnd:4689578-4,Related Subjects,Verpackung,1,suffix_patterns
gnd:4699331-9,Related Subjects,Straßenbahn,1,umlaut/ß
gnd:4708467-4,Related Subjects,Güterzuglokomotive,1,umlaut/ß
gnd:4714172-4,Definition,"Als am 1.1.1968 ein neues Schema zur Bezeichnung von Triebfahrzeugen in Kraft trat, wurde die BR V100 in BR 211, 212 bzw. 213 umbenannt.",2,"common_words:am,die,ein,von,zur;suffix_patterns"
gnd:4717997-1,Related Subjects,Zerstörer,1,umlaut/ß
gnd:4730219-7,Alternate Name,ÖBB Series 1016,1,umlaut/ß
gnd:4730225-2,Alternate Name,ÖBB Series 1116,1,umlaut/ß
gnd:4731217-8,Related Subjects,Zerstörer,1,umlaut/ß
gnd:4736196-7,Related Subjects,Zerstörer,1,umlaut/ß
gnd:4736198-0,Related Subjects,Zerstörer,1,umlaut/ß
gnd:4738434-7,Alternate Name,Bücker Bü 131 Jungmann,1,umlaut/ß
gnd:4738435-9,Alternate Name,Bücker Bü 134,1,umlaut/ß
gnd:4764957-4,Name,Hildebrand & Wolfmüller brand,1,umlaut/ß
gnd:4764957-4,Alternate Name,Hildebrand-Wolfmüller,1,umlaut/ß
gnd:4783542-4,Related Subjects,Überschallflugzeug,1,umlaut/ß
gnd:4809529-1,Related Subjects,Straßenbahnwagen,1,umlaut/ß
gnd:4809532-1,Related Subjects,Straßenbahnwagen,1,umlaut/ß
gnd:4810367-6,Related Subjects,Güterwagen,1,umlaut/ß
gnd:4819612-5,Related Subjects,Güterzuglokomotive,1,umlaut/ß
gnd:4825607-9,Alternate Name,Württemberg T 5 steam locomotive,1,umlaut/ß
gnd:4829136-5,Related Subjects,Güterzuglokomotive,1,umlaut/ß
gnd:4830208-9,Name,Air-Metal AM C-111,1,common_words:am
gnd:4830208-9,Alternate Name,Air-Metal AM-C 111,1,common_words:am
gnd:4830208-9,Alternate Name,AM C-111,1,common_words:am
gnd:4836205-0,Related Subjects,Geländefahrzeug,1,umlaut/ß
gnd:4840358-1,Alternate Name,Bölkow 209,1,umlaut/ß
gnd:4840358-1,Alternate Name,Bölkow Monsoon,1,umlaut/ß
gnd:4840358-1,Alternate Name,Bölkow 209 Monsoon,1,umlaut/ß
gnd:4840358-1,Alternate Name,Bölkow Bo 209 Monsoon,1,umlaut/ß
gnd:4873982-0,Alternate Name,ÖBB 2050,1,umlaut/ß
gnd:4873982-0,Alternate Name,ÖBB series 2050,1,umlaut/ß
gnd:7514581-9,Name,WSK_PZL Mielec An-2 Antek,1,common_words:an
gnd:7514581-9,Alternate Name,Mielec An-2 Antek,1,common_words:an
gnd:7514581-9,Alternate Name,An-2 Antek,1,common_words:an
gnd:7520694-8,Alternate Name,Württemberg T 9 steam locomotive,1,umlaut/ß
gnd:7520694-8,Related Subjects,Güterzuglokomotive,1,umlaut/ß
gnd:7523988-7,Alternate Name,Messerschmitt-Bölkow-Blohm HFB 320 Hansa,1,umlaut/ß
gnd:7524022-1,Related Subjects,Aufklärungsflugzeug,1,umlaut/ß
gnd:7530593-8,Related Subjects,Flugkörper,1,umlaut/ß
gnd:7540931-8,Related Subjects,Militärhubschrauber,1,umlaut/ß
gnd:7545478-6,Alternate Name,Haeßler-Villinger __ACR0_-1,1,umlaut/ß
gnd:7545580-8,Related Subjects,Geländewagen,1,umlaut/ß
gnd:7549818-2,Related Subjects,Güterzuglokomotive,1,umlaut/ß
gnd:7561422-4,Related Subjects,Straßenbahnwagen,1,umlaut/ß
gnd:7561434-0,Related Subjects,Straßenbahnwagen,1,umlaut/ß
gnd:7564489-7,Related Subjects,Straßenbahnwagen,1,umlaut/ß
gnd:7573245-2,Alternate Name,Flühmen,1,umlaut/ß
gnd:7584237-3,Related Subjects,Zerstörer,1,umlaut/ß
gnd:7602114-2,Name,Büssing Type 4000,1,umlaut/ß
gnd:7607680-5,Related Subjects,Militärhubschrauber,1,umlaut/ß
gnd:7612371-6,Name,Zündapp KS 50,1,umlaut/ß
gnd:7612595-6,Related Subjects,Überschallflugzeug,1,umlaut/ß
gnd:7613227-4,Alternate Name,ÖBB 2095,1,umlaut/ß
gnd:7613227-4,Alternate Name,ÖBB series 2095,1,umlaut/ß
gnd:7628747-6,Related Subjects,Aufklärungsflugzeug,1,umlaut/ß
gnd:7629069-4,Alternate Name,ÖBB Series 1044,1,umlaut/ß
gnd:7629069-4,Alternate Name,ÖBB 1044,1,umlaut/ß
gnd:7633321-8,Related Subjects,Zerstörer,1,umlaut/ß
gnd:7641859-5,Related Subjects,Düsenflugzeug,1,umlaut/ß
gnd:7657081-2,Related Subjects,Zerstörer,1,umlaut/ß
gnd:7660745-8,Related Subjects,Militärflugzeug,1,umlaut/ß
gnd:7665658-5,Related Subjects,Güterwagen,1,umlaut/ß
gnd:7665666-4,Alternate Name,Göttingen egg,1,umlaut/ß
gnd:7667118-5,Related Subjects,Geländewagen,1,umlaut/ß
gnd:7670692-8,Related Subjects,Fähre,1,umlaut/ß
gnd:7679476-3,Name,Schlüter brand,1,umlaut/ß
gnd:7679978-5,Alternate Name,Köf 10 series diesel locomotive,1,umlaut/ß
gnd:7680456-2,Alternate Name,Köf 11 series diesel locomotive,1,umlaut/ß
gnd:7680457-4,Alternate Name,Köf 12 series diesel locomotive,1,umlaut/ß
gnd:7685784-0,Alternate Name,"Hourdeaux-Bergmann-Aktiengesellschaft,Frankonia,Brand",1,suffix_patterns
gnd:7703088-6,Alternate Name,AM General M809,1,common_words:am
gnd:7703088-6,Related Subjects,Militärfahrzeug,1,umlaut/ß
gnd:7710065-7,Related Subjects,Straßenbahnwagen,1,umlaut/ß
gnd:7714387-5,Related Subjects,Güterzuglokomotive,1,umlaut/ß
gnd:7714401-6,Related Subjects,Straßenbahnwagen,1,umlaut/ß
gnd:7716083-6,Related Subjects,Zerstörer,1,umlaut/ß
gnd:7717112-3,Alternate Name,Württemberg T 6 steam locomotive,1,umlaut/ß
gnd:7718472-5,Related Subjects,Flugzeugträger,1,umlaut/ß
gnd:7722277-5,Name,Bäumer Sausewind,1,umlaut/ß
gnd:7722277-5,Alternate Name,Bäumer Aero Sausewind,1,umlaut/ß
gnd:7722277-5,Alternate Name,Bäumer B II,1,umlaut/ß
gnd:7727521-4,Alternate Name,ÖBB Series 1073,1,umlaut/ß
gnd:7727521-4,Alternate Name,BBÖ 1029,1,umlaut/ß
gnd:7728667-4,Alternate Name,ÖBB 656,1,umlaut/ß
gnd:7729296-0,Name,Pützer Elster,1,umlaut/ß
gnd:7729350-2,Alternate Name,ÖBB 1042,1,umlaut/ß
gnd:7729350-2,Alternate Name,ÖBB series 1042,1,umlaut/ß
gnd:7729350-2,Alternate Name,ÖBB Series 1042,1,umlaut/ß
gnd:7729351-4,Alternate Name,ÖBB 1142,1,umlaut/ß
gnd:7729351-4,Alternate Name,ÖBB series 1142,1,umlaut/ß
gnd:7732961-2,Alternate Name,ÖBB Series 4010,1,umlaut/ß
gnd:7732961-2,Alternate Name,ÖBB Transalpine II,1,umlaut/ß
gnd:7732961-2,Alternate Name,ÖBB 4010,1,umlaut/ß
gnd:7736746-7,Name,Büssing Prefect 25,1,umlaut/ß
gnd:7736746-7,Alternate Name,Büssing Senator 25,1,umlaut/ß
gnd:7738923-2,Related Subjects,Düsenflugzeug,1,umlaut/ß
gnd:7744833-9,Related Subjects,Trägerrakete,1,umlaut/ß
gnd:7746759-0,Related Subjects,Straßenbahnwagen,1,umlaut/ß
gnd:7843327-7,Alternate Name,ÖBB Series 4020,1,umlaut/ß
gnd:7843327-7,Alternate Name,ÖBB 4020,1,umlaut/ß
gnd:7843328-9,Alternate Name,ÖBB Series 4030,1,umlaut/ß
gnd:7843328-9,Alternate Name,ÖBB 4030,1,umlaut/ß
gnd:7843331-9,Alternate Name,ÖBB Series 1141,1,umlaut/ß
gnd:7843331-9,Alternate Name,ÖBB 1141,1,umlaut/ß
gnd:7845890-0,Related Subjects,"Aufzug,Fördermittel",1,umlaut/ß
gnd:7848393-1,Related Subjects,Düsenflugzeug,1,umlaut/ß
gnd:7853760-5,Alternate Name,ÖBB Series 1822,1,umlaut/ß
gnd:7853760-5,Alternate Name,ÖBB 1822,1,umlaut/ß
gnd:7860530-1,Related Subjects,Zerstörer,1,umlaut/ß
gnd:7861149-0,Related Subjects,Düsenflugzeug,1,umlaut/ß
gnd:7862570-1,Related Subjects,Trägerrakete,1,umlaut/ß
gnd:7862802-7,Alternate Name,Fokker-Grulich F.II,1,suffix_patterns
gnd:1024558029,Related Subjects,Trägerrakete,1,umlaut/ß
gnd:1025771729,Name,Katharina von Bora ship,1,common_words:von
gnd:1026865026,Related Subjects,Straßenfahrzeug,1,umlaut/ß
gnd:1027138926,Related Subjects,Güterzuglokomotive,1,umlaut/ß
gnd:1027599567,Name,Güldner AFN,1,umlaut/ß
gnd:1027842852,Related Subjects,Düsenflugzeug,1,umlaut/ß
gnd:1028981074,Related Subjects,Trägerrakete,1,umlaut/ß
gnd:1029395012,Related Subjects,Güterzuglokomotive,1,umlaut/ß
gnd:1030186979,Alternate Name,ÖBB 4041,1,umlaut/ß
gnd:1030186979,Alternate Name,BBÖ ET 10,1,umlaut/ß
gnd:1030186979,Alternate Name,Single phase AC railcar BBÖ ET 10,1,umlaut/ß
gnd:1030186979,Alternate Name,ÖBB 4041 single phase AC railcar,1,umlaut/ß
gnd:1030186979,Alternate Name,Railcar ÖBB 4041,1,umlaut/ß
gnd:1030186979,Alternate Name,Railcar BBÖ ET 10,1,umlaut/ß
gnd:1031547347,Alternate Name,Diesel locomotive ÖBB 2091,1,umlaut/ß
gnd:1031547347,Alternate Name,Diesel locomotive BBÖ 2041/s,1,umlaut/ß
gnd:1031831576,Alternate Name,ÖBB Series 4061,1,umlaut/ß
gnd:1031831576,Alternate Name,ÖBB 4061,1,umlaut/ß
gnd:1031831576,Alternate Name,ÖBB Series 1046,1,umlaut/ß
gnd:1031831576,Alternate Name,ÖBB 1046,1,umlaut/ß
gnd:1031831576,Alternate Name,ÖBB Series 1146,1,umlaut/ß
gnd:1031831576,Alternate Name,ÖBB 1146,1,umlaut/ß
gnd:1031832017,Alternate Name,ÖBB Series 4060,1,umlaut/ß
gnd:1031832017,Alternate Name,ÖBB 4060,1,umlaut/ß
gnd:1031832017,Alternate Name,BBÖ ET 30,1,umlaut/ß
gnd:1035837986,Alternate Name,ÖBB Series 1040,1,umlaut/ß
gnd:1035837986,Alternate Name,ÖBB 1040,1,umlaut/ß
gnd:1045015059,Alternate Name,DÜWAG articulated wagons,1,umlaut/ß
gnd:1045015059,Related Subjects,Straßenbahnwagen,1,umlaut/ß
gnd:1045215392,Alternate Name,ÖBB 5041,1,umlaut/ß
gnd:1045215392,Alternate Name,ÖBB series 5041,1,umlaut/ß
gnd:1045215392,Alternate Name,BBÖ VT 41,1,umlaut/ß
gnd:1059152312,Alternate Name,ÖBB 2048,1,umlaut/ß
gnd:1060061546,Related Subjects,Geländewagen,1,umlaut/ß
gnd:1060061546,Related Subjects,Militärfahrzeug,1,umlaut/ß
gnd:1062686314,Related Subjects,Straßenbahn,1,umlaut/ß
gnd:1063927943,Alternate Name,ÖBB 1099,1,umlaut/ß
gnd:1063927943,Alternate Name,NÖVOG 1099,1,umlaut/ß
gnd:1063927943,Alternate Name,ÖBB Series 1099,1,umlaut/ß
gnd:1063927943,Alternate Name,ÖBB Electric locomotives 1099,1,umlaut/ß
gnd:1063927943,Alternate Name,ÖBB Electric locomotives BR 1099,1,umlaut/ß
gnd:1063927943,Alternate Name,BBÖ Series E,1,umlaut/ß
gnd:1068380039,Related Subjects,Güterzuglokomotive,1,umlaut/ß
gnd:1070485454,Related Subjects,Aufklärungsflugzeug,1,umlaut/ß
gnd:1070806943,Name,Münch Special 500,1,umlaut/ß
gnd:1070806943,Alternate Name,Münch Special,1,umlaut/ß
gnd:1070806943,Alternate Name,Münch Special,1,umlaut/ß
gnd:1070806943,Alternate Name,Münch Special 500,1,umlaut/ß
gnd:1072509822,Alternate Name,ÖBB series 2043,1,umlaut/ß
gnd:1072509822,Alternate Name,ÖBB 2043,1,umlaut/ß
gnd:1072511142,Alternate Name,ÖBB series 2143,1,umlaut/ß
gnd:1072511142,Alternate Name,ÖBB 2143,1,umlaut/ß
gnd:1073933369,Related Subjects,Güterzuglokomotive,1,umlaut/ß
gnd:1099134153,Alternate Name,ÖBB series 2045,1,umlaut/ß
gnd:1099134153,Alternate Name,ÖBB 2045,1,umlaut/ß
gnd:1106869176,Alternate Name,ÖBB 90,1,umlaut/ß
gnd:1110992270,Related Subjects,Güterzuglokomotive,1,umlaut/ß
gnd:114214917X,Related Subjects,Militärflugzeug,1,umlaut/ß
gnd:1154966984,Related Subjects,Militärflugzeug,1,umlaut/ß
gnd:116221421X,Related Subjects,Fähre,1,umlaut/ß
gnd:1203823282,Related Subjects,Geländewagen,1,umlaut/ß
gnd:1204013519,Related Subjects,Geländewagen,1,umlaut/ß
gnd:1210718545,Related Subjects,Überschallflugzeug,1,umlaut/ß
gnd:1240324359,Alternate Name,ÖBB 5045,1,umlaut/ß
gnd:1240324359,Alternate Name,ÖBB series 5045,1,umlaut/ß
gnd:1240324634,Alternate Name,ÖBB 5145,1,umlaut/ß
gnd:1240324634,Alternate Name,ÖBB series 5145,1,umlaut/ß
gnd:1268839876,Related Subjects,Geländewagen,1,umlaut/ß
gnd:1268839876,Related Subjects,Militärfahrzeug,1,umlaut/ß
gnd:1275675344,Related Subjects,Straßenbahnwagen,1,umlaut/ß
gnd:1277314934,Related Subjects,Straßenbahnwagen,1,umlaut/ß
gnd:4236036-5,Related Subjects,Beschichtung,1,suffix_patterns
gnd:4329079-6,Related Subjects,Fertigung,1,suffix_patterns
gnd:4343429-0,Related Subjects,Beschichtung,1,suffix_patterns
gnd:4519787-8,Related Subjects,Gießer,1,umlaut/ß
gnd:4602514-5,Related Subjects,Beschichtung,1,suffix_patterns
gnd:4676565-7,Related Subjects,Open-die forging,1,common_words:die
gnd:4682744-4,Name,Metall- und Glockengießer,2,umlaut/ß;common_words:und
gnd:4682744-4,Related Subjects,Gießer,1,umlaut/ß
gnd:4682744-4,Related Subjects,Metallformer und Metallgießer,2,umlaut/ß;common_words:und
gnd:4709021-2,Related Subjects,Fügen,1,umlaut/ß
gnd:4824698-0,Related Subjects,Kitchen appliance,1,suffix_patterns
gnd:7538896-0,Definition,"Since 1998 combined with the training occupations ""Zinngießer"" and ""Metallformer and Metallgießer"" to form the new trade occupation ""Metall- und Glockengießer""",2,umlaut/ß;common_words:und
gnd:7538896-0,Related Subjects,Glockengießer,1,umlaut/ß
gnd:7539000-0,Related Subjects,"Zerspanungsmechaniker, Fachrichtung Drehtechnik",1,suffix_patterns
gnd:7610891-0,Related Subjects,Bohrung,1,suffix_patterns
gnd:1076883192,Related Subjects,Reibschweißen,1,umlaut/ß
gnd:1088792669,Related Subjects,Hybridfügen,1,umlaut/ß
gnd:1119100380,Related Subjects,Reibschweißen,1,umlaut/ß
gnd:1136668462,Related Subjects,Fügen,1,umlaut/ß
gnd:1151830380,Related Subjects,Fügen,1,umlaut/ß
gnd:1222931494,Related Subjects,"Rapid Prototyping,Fertigung",1,suffix_patterns
gnd:4614454-7,Related Subjects,Großuhr,1,umlaut/ß
gnd:7562829-6,Related Subjects,Anhängeruhr,1,umlaut/ß
gnd:7562831-4,Related Subjects,Anhängeruhr,1,umlaut/ß
gnd:7562832-6,Related Subjects,Anhängeruhr,1,umlaut/ß
gnd:7563762-5,Related Subjects,Großuhr,1,umlaut/ß
gnd:7563765-0,Related Subjects,Großuhr,1,umlaut/ß
gnd:7564018-1,Related Subjects,Großuhr,1,umlaut/ß
gnd:7564081-8,Related Subjects,Großuhr,1,umlaut/ß
gnd:1129385302,Related Subjects,Strömungsmechanik,1,umlaut/ß
gnd:1230039848,Related Subjects,Messgerät,1,umlaut/ß
gnd:4621501-3,Related Subjects,Berechnung,1,suffix_patterns
gnd:1109064845,Related Subjects,Elektrische Spannung,1,suffix_patterns
gnd:4146534-9,Related Subjects,Nachrichtenübertragungstechnik,1,umlaut/ß
gnd:4194369-7,Related Subjects,Filterschaltung,1,suffix_patterns
gnd:4263864-1,Related Subjects,Filterschaltung,1,suffix_patterns
gnd:4273155-0,Related Subjects,Filterschaltung,1,suffix_patterns
gnd:4383306-8,Related Subjects,Datenübertragung,2,umlaut/ß;suffix_patterns
gnd:4399580-9,Related Subjects,Elektronische Schaltung,1,suffix_patterns
gnd:4494313-1,Alternate Name,AM_RDS,1,common_words:am
gnd:4842998-3,Related Subjects,Elektronische Schaltung,1,suffix_patterns
gnd:7525182-6,Related Subjects,Mobiles Endgerät,1,umlaut/ß
gnd:7578092-6,Related Subjects,Tonträger,1,umlaut/ß
gnd:7728856-7,Related Subjects,Rundfunkempfänger,1,umlaut/ß
gnd:7734062-0,Alternate Name,FuMG 62 Würzburg,1,umlaut/ß
gnd:7741795-1,Related Subjects,Filterschaltung,1,suffix_patterns
gnd:7754880-2,Related Subjects,Rundfunkempfänger,1,umlaut/ß
gnd:1072875500,Related Subjects,Oberflächenbehandlung,2,umlaut/ß;suffix_patterns
gnd:1124866051,Related Subjects,Gedruckte Schaltung,1,suffix_patterns
gnd:1169674275,Related Subjects,Tonbandgerät,1,umlaut/ß
gnd:1314515489,Related Subjects,Filterschaltung,1,suffix_patterns
